Date,Close,log_return,log_return_pct
2019-01-03,218.46533203125,-0.024151992889740466,-2.415199288974047
2019-01-04,225.7830047607422,0.032947043626672556,3.2947043626672556
2019-01-07,227.56320190429688,0.00785362827573572,0.785362827573572
2019-01-08,229.7012481689453,0.009351533212365277,0.9351533212365277
2019-01-09,230.77476501464844,0.004662648041798099,0.4662648041798099
2019-01-10,231.58880615234375,0.0035212202239374244,0.35212202239374246
2019-01-11,231.67828369140625,0.0003862892147391824,0.03862892147391824
2019-01-14,230.26487731933594,-0.00611941425717632,-0.611941425717632
2019-01-15,232.90382385253906,0.011395308373542343,1.1395308373542343
2019-01-16,233.46743774414062,0.002417019282265175,0.2417019282265175
2019-01-17,235.23863220214844,0.007557840628047826,0.7557840628047826
2019-01-18,238.36965942382812,0.013222204477845572,1.3222204477845572
2019-01-22,235.1492462158203,-0.013602256734739025,-1.3602256734739024
2019-01-23,235.64125061035156,0.002090121091919008,0.2090121091919008
2019-01-24,235.76651000976562,0.0005314269845587413,0.053142698455874125
2019-01-25,237.76141357421875,0.00842575597830211,0.842575597830211
2019-01-28,235.95428466796875,-0.0076296296669771755,-0.7629629666977176
2019-01-29,235.64125061035156,-0.0013275532958837647,-0.13275532958837646
2019-01-30,239.3716583251953,0.015706875906607125,1.5706875906607125
2019-01-31,241.47389221191406,0.00874396062741879,0.8743960627418791
2019-02-01,241.5901641845703,0.00048139360965510796,0.048139360965510795
2019-02-04,243.2899169921875,0.007011052159857133,0.7011052159857133
2019-02-05,244.30970764160156,0.004182907798976634,0.41829077989766333
2019-02-06,243.98768615722656,-0.0013189565832141233,-0.13189565832141234
2019-02-07,241.66177368164062,-0.009578638303973533,-0.9578638303973532
2019-02-08,241.95693969726562,0.0012206560420815538,0.12206560420815538
2019-02-11,242.09121704101562,0.0005548098689154948,0.055480986891549476
2019-02-12,245.20428466796875,0.01277709302743848,1.277709302743848
2019-02-13,246.00039672851562,0.0032414705631657104,0.32414705631657104
2019-02-14,245.4547576904297,-0.0022205047902159347,-0.22205047902159347
2019-02-15,248.12953186035156,0.010838271840863242,1.0838271840863243
2019-02-19,248.55894470214844,0.0017291037301971316,0.17291037301971315
2019-02-20,249.0600128173828,0.002013863326583224,0.2013863326583224
2019-02-21,248.17440795898438,-0.0035621258618809305,-0.35621258618809304
2019-02-22,249.71298217773438,0.006180430140342521,0.6180430140342521
2019-02-25,250.05291748046875,0.0013603783507093472,0.13603783507093473
2019-02-26,249.87399291992188,-0.0007158029082422182,-0.07158029082422182
2019-02-27,249.76663208007812,-0.00042975225041439125,-0.04297522504143912
2019-02-28,249.30154418945312,-0.001863825614922782,-0.1863825614922782
2019-03-01,250.85809326171875,0.006224229149666357,0.6224229149666357
2019-03-04,249.9456329345703,-0.003643987810414768,-0.36439878104147677
2019-03-05,249.60557556152344,-0.0013614517182202325,-0.13614517182202324
2019-03-06,248.0937957763672,-0.006075090794910834,-0.6075090794910835
2019-03-07,246.01840209960938,-0.008400545020193355,-0.8400545020193354
2019-03-08,245.52627563476562,-0.002002367847996482,-0.2002367847996482
2019-03-11,249.08676147460938,0.014397304861218244,1.4397304861218243
2019-03-12,250.02603149414062,0.003763762987301996,0.3763762987301996
2019-03-13,251.68106079101562,0.006597615723345037,0.6597615723345037
2019-03-14,251.52008056640625,-0.0006398245825393041,-0.06398245825393041
2019-03-15,252.7626190185547,0.00492795397394893,0.492795397394893
2019-03-18,253.67916870117188,0.003619569733408718,0.3619569733408718
2019-03-19,253.74208068847656,0.0002479674932916525,0.02479674932916525
2019-03-20,252.978271484375,-0.0030147191811744608,-0.30147191811744606
2019-03-21,255.83566284179688,0.011231694743972273,1.1231694743972274
2019-03-22,250.91172790527344,-0.019434100697336545,-1.9434100697336545
2019-03-25,250.7230224609375,-0.0007523619649537987,-0.07523619649537987
2019-03-26,252.59201049804688,0.007426746690612069,0.7426746690612069
2019-03-27,251.27120971679688,-0.005242707756989853,-0.5242707756989853
2019-03-28,252.22357177734375,0.0037830111903257644,0.37830111903257646
2019-03-29,253.81390380859375,0.006285452535562904,0.6285452535562904
2019-04-01,256.8240051269531,0.01178970903616549,1.178970903616549
2019-04-02,256.9498291015625,0.0004898029784400836,0.04898029784400836
2019-04-03,257.3540954589844,0.0015720916033388464,0.15720916033388463
2019-04-04,258.03704833984375,0.002650232891335336,0.2650232891335336
2019-04-05,259.2859802246094,0.004828450473933267,0.48284504739332673
2019-04-08,259.483642578125,0.0007620429354097399,0.076204293540974
2019-04-09,258.15380859375,-0.005138101607631503,-0.5138101607631503
2019-04-10,259.034423828125,0.0034053987704760875,0.34053987704760874
2019-04-11,258.9624938964844,-0.00027772339811947533,-0.027772339811947534
2019-04-12,260.714599609375,0.006743080938821128,0.6743080938821128
2019-04-15,260.5439147949219,-0.0006548950888545507,-0.06548950888545507
2019-04-16,260.714599609375,0.0006548950888547009,0.06548950888547009
2019-04-17,260.07666015625,-0.0024498866301449723,-0.24498866301449723
2019-04-18,260.5887145996094,0.001966923991000415,0.19669239910004152
2019-04-22,260.8133544921875,0.0008616763139001641,0.08616763139001642
2019-04-23,263.1585693359375,0.008951741106599803,0.8951741106599803
2019-04-24,262.5744934082031,-0.002221949538372846,-0.22219495383728458
2019-04-25,262.41278076171875,-0.0006160631297384685,-0.06160631297384685
2019-04-26,263.634765625,0.00464591868044808,0.46459186804480795
2019-04-29,264.04803466796875,0.0015663543599845743,0.15663543599845745
2019-04-30,264.1828918457031,0.0005105993378855209,0.051059933788552093
2019-05-01,262.1971740722656,-0.007544841918185658,-0.7544841918185657
2019-05-02,261.631103515625,-0.0021612837687845225,-0.21612837687845227
2019-05-03,264.1918640136719,0.009740087067108504,0.9740087067108504
2019-05-06,263.10467529296875,-0.004123638902370727,-0.41236389023707276
2019-05-07,258.7109069824219,-0.016840708871731502,-1.6840708871731502
2019-05-08,258.3514404296875,-0.0013904188245208319,-0.13904188245208318
2019-05-09,257.56982421875,-0.003029984854216386,-0.3029984854216386
2019-05-10,258.86370849609375,0.005010855812754207,0.5010855812754207
2019-05-13,252.3583526611328,-0.02545158942569392,-2.545158942569392
2019-05-14,254.64053344726562,0.00900276613158085,0.9002766131580849
2019-05-15,256.1322326660156,0.005840967094275596,0.5840967094275595
2019-05-16,258.50421142578125,0.009218140624796985,0.9218140624796984
2019-05-17,256.83294677734375,-0.006486124592334638,-0.6486124592334638
2019-05-20,255.13470458984375,-0.006634202030681741,-0.6634202030681741
2019-05-21,257.43505859375,0.008975829684915141,0.8975829684915141
2019-05-22,256.644287109375,-0.0030764593624672564,-0.30764593624672565
2019-05-23,253.50845336914062,-0.01229386019864469,-1.229386019864469
2019-05-24,254.0835723876953,0.002266068950959017,0.22660689509590168
2019-05-28,251.7205047607422,-0.009343874146446789,-0.9343874146446789
2019-05-29,250.03115844726562,-0.006733820018429123,-0.6733820018429123
2019-05-30,250.71405029296875,0.002727503956644752,0.27275039566447523
2019-05-31,247.33563232421875,-0.013566798274340142,-1.3566798274340142
2019-06-03,246.7066650390625,-0.002546209619387711,-0.2546209619387711
2019-06-04,252.06187438964844,0.02147455071723311,2.147455071723311
2019-06-05,254.2451934814453,0.008624539390246117,0.8624539390246118
2019-06-06,255.8985137939453,0.006481805332260501,0.6481805332260501
2019-06-07,258.4592590332031,0.00995714085222974,0.995714085222974
2019-06-10,259.6453857421875,0.00457872282434633,0.457872282434633
2019-06-11,259.5825500488281,-0.00024203510379457348,-0.02420351037945735
2019-06-12,259.1241760253906,-0.0017673730441928306,-0.17673730441928306
2019-06-13,260.19342041015625,0.004117888178778833,0.4117888178778833
2019-06-14,259.9058837890625,-0.0011056990388823471,-0.11056990388823472
2019-06-17,260.0047607421875,0.0003803613384612915,0.03803613384612915
2019-06-18,262.72723388671875,0.010416419077311148,1.0416419077311148
2019-06-19,263.32037353515625,0.002255080686352877,0.2255080686352877
2019-06-20,265.836181640625,0.009508819410637881,0.9508819410637881
2019-06-21,265.4496765136719,-0.0014549801738775302,-0.14549801738775303
2019-06-24,265.1246337890625,-0.0012252487878189487,-0.12252487878189487
2019-06-25,262.5243835449219,-0.009856064194733744,-0.9856064194733745
2019-06-26,262.26251220703125,-0.0009980102847318459,-0.09980102847318459
2019-06-27,263.1925048828125,0.003539765028771029,0.35397650287710286
2019-06-28,264.5468444824219,0.005132619253952462,0.5132619253952462
2019-07-01,266.9484558105469,0.00903724895448496,0.9037248954484959
2019-07-02,267.64385986328125,0.0026016252930684135,0.26016252930684136
2019-07-03,269.7835693359375,0.007962826839001309,0.7962826839001309
2019-07-05,269.47662353515625,-0.0011383960395659112,-0.11383960395659112
2019-07-08,267.9958801269531,-0.005510038725545473,-0.5510038725545473
2019-07-09,268.3299560546875,0.0012457948075748659,0.12457948075748658
2019-07-10,269.612060546875,0.004766710464078546,0.47667104640785457
2019-07-11,270.24407958984375,0.002341436115010409,0.23414361150104088
2019-07-12,271.4539489746094,0.004466958832227145,0.4466958832227145
2019-07-15,271.54425048828125,0.00033260336624924344,0.03326033662492434
2019-07-16,270.6684265136719,-0.0032305579469800883,-0.3230557946980088
2019-07-17,268.8265686035156,-0.0068281080748052335,-0.6828108074805234
2019-07-18,269.81072998046875,0.003654267815173191,0.3654267815173191
2019-07-19,268.3119201660156,-0.005570528167931356,-0.5570528167931357
2019-07-22,268.9710388183594,0.002453526477877119,0.2453526477877119
2019-07-23,270.8941955566406,0.007124610924305028,0.7124610924305028
2019-07-24,272.1672668457031,0.004688506584482391,0.4688506584482391
2019-07-25,270.8670959472656,-0.004788549204073717,-0.47885492040737165
2019-07-26,272.681884765625,0.0066775787508082,0.6677578750808201
2019-07-29,272.185302734375,-0.0018227640795119135,-0.18227640795119135
2019-07-30,271.51715087890625,-0.002457786193058993,-0.24577861930589928
2019-07-31,268.5467529296875,-0.011000283045264134,-1.1000283045264134
2019-08-01,266.2081604003906,-0.008746464519108649,-0.8746464519108649
2019-08-02,264.2037048339844,-0.007558145810520394,-0.7558145810520395
2019-08-05,256.25830078125,-0.030534491607955714,-3.0534491607955716
2019-08-06,259.851806640625,0.013925570838552396,1.3925570838552397
2019-08-07,260.0053405761719,0.0005906774229531439,0.05906774229531439
2019-08-08,265.1065368652344,0.01942959961984991,1.9429599619849909
2019-08-09,263.3008728027344,-0.006834389744869221,-0.683438974486922
2019-08-12,260.0955505371094,-0.01224831578814664,-1.224831578814664
2019-08-13,264.1404724121094,0.01543198853643594,1.5431988536435939
2019-08-14,256.3304748535156,-0.030013524746782098,-3.00135247467821
2019-08-15,257.0076904296875,0.0026384789397917367,0.2638478939791737
2019-08-16,260.79986572265625,0.014647306886815257,1.4647306886815257
2019-08-19,263.9418640136719,0.011975551641403747,1.1975551641403748
2019-08-20,261.91937255859375,-0.007692148752690133,-0.7692148752690132
2019-08-21,264.05029296875,0.00810287059834063,0.810287059834063
2019-08-22,263.96893310546875,-0.00030817008134358413,-0.030817008134358413
2019-08-23,257.1882629394531,-0.026023061252221685,-2.6023061252221686
2019-08-26,260.0323791503906,0.010997801116735748,1.0997801116735748
2019-08-27,259.0120849609375,-0.00393143776364454,-0.393143776364454
2019-08-28,260.83599853515625,0.007017131028323333,0.7017131028323332
2019-08-29,264.1675720214844,0.012691792567966358,1.2691792567966358
2019-08-30,264.05029296875,-0.00044405561581564766,-0.044405561581564765
2019-09-03,262.50628662109375,-0.00586455789466087,-0.586455789466087
2019-09-04,265.4858093261719,0.011286359610266236,1.1286359610266237
2019-09-05,268.8987731933594,0.012773610560992363,1.2773610560992363
2019-09-06,269.1064453125,0.0007720078627925286,0.07720078627925286
2019-09-09,269.24188232421875,0.0005031575566348828,0.050315755663488275
2019-09-10,269.1786193847656,-0.00023499454253116318,-0.02349945425311632
2019-09-11,271.0927429199219,0.007085815305113818,0.7085815305113818
2019-09-12,272.0317687988281,0.0034578693993559937,0.3457869399355994
2019-09-13,271.85125732421875,-0.0006637878829354844,-0.06637878829354844
2019-09-16,271.0115661621094,-0.003093569113398641,-0.3093569113398641
2019-09-17,271.6977844238281,0.002528862370560857,0.2528862370560857
2019-09-18,271.86029052734375,0.0005979346673191929,0.05979346673191929
2019-09-19,271.84222412109375,-6.645695309437456e-05,-0.006645695309437456
2019-09-20,270.557861328125,-0.004735859111883783,-0.4735859111883783
2019-09-23,270.4942626953125,-0.00023509244407907652,-0.02350924440790765
2019-09-24,268.37176513671875,-0.007877685455901123,-0.7877685455901123
2019-09-25,269.9591064453125,0.005897287310703835,0.5897287310703835
2019-09-26,269.39678955078125,-0.0020851430472657393,-0.20851430472657392
2019-09-27,267.9454345703125,-0.0054019894387890045,-0.5401989438789004
2019-09-30,269.1881103515625,0.004627072764744898,0.4627072764744898
2019-10-01,265.9861145019531,-0.011966323897552977,-1.1966323897552977
2019-10-02,261.2875671386719,-0.017822515697579897,-1.7822515697579897
2019-10-03,263.4283752441406,0.008159919725008189,0.8159919725008189
2019-10-04,266.9930419921875,0.01344108778020469,1.344108778020469
2019-10-07,265.841064453125,-0.004323969956040837,-0.43239699560408373
2019-10-08,261.71392822265625,-0.015646597933925168,-1.5646597933925168
2019-10-09,264.19927978515625,0.009451635846784594,0.9451635846784594
2019-10-10,265.9861145019531,0.006740440235548412,0.6740440235548412
2019-10-11,268.74359130859375,0.010313626565244328,1.0313626565244327
2019-10-14,268.4443359375,-0.0011141553518687966,-0.11141553518687966
2019-10-15,271.1020812988281,0.009851856199626065,0.9851856199626065
2019-10-16,270.6665954589844,-0.0016076453007343,-0.16076453007343
2019-10-17,271.4648132324219,0.0029447412101664618,0.29447412101664616
2019-10-18,270.2764892578125,-0.004387060299997334,-0.4387060299997334
2019-10-21,272.1088562011719,0.006756723535509896,0.6756723535509896
2019-10-22,271.2199401855469,-0.003272113735371905,-0.3272113735371905
2019-10-23,272.0091247558594,0.002905533508584031,0.29055335085840306
2019-10-24,272.4534912109375,0.0016323124516267162,0.16323124516267162
2019-10-25,273.5691833496094,0.004086620367127631,0.40866203671276313
2019-10-28,275.1112060546875,0.005620856129529231,0.562085612952923
2019-10-29,275.02960205078125,-0.00029666588372445884,-0.029666588372445884
2019-10-30,275.87310791015625,0.0030622703547759146,0.30622703547759145
2019-10-31,275.13848876953125,-0.0026664396187208645,-0.26664396187208644
2019-11-01,277.6872863769531,0.009221044972373674,0.9221044972373674
2019-11-04,278.8028869628906,0.004009422390067116,0.4009422390067116
2019-11-05,278.4946594238281,-0.0011061508254937053,-0.11061508254937052
2019-11-06,278.5580139160156,0.00022746320228860174,0.022746320228860174
2019-11-07,279.53765869140625,0.003510673275699206,0.3510673275699206
2019-11-08,280.2269592285156,0.0024628240637415803,0.24628240637415805
2019-11-11,279.6919250488281,-0.0019111137614964682,-0.19111137614964682
2019-11-12,280.281494140625,0.0021057046261075637,0.21057046261075638
2019-11-13,280.3722229003906,0.0003236534702255849,0.03236534702255849
2019-11-14,280.7803649902344,0.001454656614336885,0.1454656614336885
2019-11-15,282.8121337890625,0.007210094545585253,0.7210094545585254
2019-11-18,283.0207824707031,0.0007374922352582069,0.07374922352582068
2019-11-19,282.9391174316406,-0.0002885894906807857,-0.02885894906807857
2019-11-20,281.8869323730469,-0.0037257002436716577,-0.3725700243671658
2019-11-21,281.4335021972656,-0.0016098484836729909,-0.1609848483672991
2019-11-22,282.0592956542969,0.002221124091349273,0.22211240913492727
2019-11-25,284.2453308105469,0.007720389035125225,0.7720389035125225
2019-11-26,284.88934326171875,0.002263129467887342,0.2263129467887342
2019-11-27,286.1592102050781,0.004447499354791901,0.4447499354791901
2019-11-29,285.09796142578125,-0.0037154894603177125,-0.37154894603177124
2019-12-02,282.67608642578125,-0.008531174321923154,-0.8531174321923154
2019-12-03,280.7803649902344,-0.0067289267297308535,-0.6728926729730853
2019-12-04,282.5128173828125,0.0061511763655248556,0.6151176365524855
2019-12-05,283.0207824707031,0.0017964104153185365,0.17964104153185365
2019-12-06,285.6058654785156,0.009092436405138264,0.9092436405138263
2019-12-09,284.70794677734375,-0.003148860938681188,-0.31488609386811883
2019-12-10,284.39044189453125,-0.0011158173070771491,-0.11158173070771492
2019-12-11,285.19775390625,0.0028347236065544134,0.28347236065544135
2019-12-12,287.65594482421875,0.008582316957392441,0.8582316957392441
2019-12-13,287.8282470703125,0.0005988079383208042,0.05988079383208042
2019-12-16,289.8055725097656,0.006846320613066541,0.6846320613066541
2019-12-17,289.86907958984375,0.00021911284235805837,0.021911284235805836
2019-12-18,289.88714599609375,6.232414749012521e-05,0.006232414749012521
2019-12-19,291.075439453125,0.004090780177298214,0.4090780177298214
2019-12-20,292.35162353515625,0.004374792320674539,0.43747923206745387
2019-12-23,292.7982482910156,0.0015265314549118194,0.15265314549118195
2019-12-24,292.807373046875,3.116348452828335e-05,0.0031163484528283353
2019-12-26,294.36602783203125,0.0053090226628304555,0.5309022662830456
2019-12-27,294.2931213378906,-0.0002477035976293202,-0.024770359762932022
2019-12-30,292.6706237792969,-0.005528456244757648,-0.5528456244757648
2019-12-31,293.381591796875,0.0024262970003902616,0.24262970003902617
2020-01-02,296.1252746582031,0.009308467224199294,0.9308467224199294
2020-01-03,293.8830261230469,-0.007600772148661519,-0.7600772148661519
2020-01-06,295.004150390625,0.0038076075241046956,0.3807607524104696
2020-01-07,294.1746826171875,-0.002815675903381484,-0.2815675903381484
2020-01-08,295.7425231933594,0.005315472246748983,0.5315472246748983
2020-01-09,297.7478332519531,0.006757709432424627,0.6757709432424627
2020-01-10,296.8909912109375,-0.0028818926675949798,-0.28818926675949796
2020-01-13,298.9327697753906,0.006853659388739019,0.685365938873902
2020-01-14,298.47705078125,-0.0015256497863076898,-0.15256497863076898
2020-01-15,299.1515808105469,0.00225735609062558,0.225735609062558
2020-01-16,301.63995361328125,0.00828369538984475,0.828369538984475
2020-01-17,302.578857421875,0.003107829637721749,0.3107829637721749
2020-01-21,301.9863586425781,-0.0019600828934503186,-0.19600828934503187
2020-01-22,302.0228271484375,0.00012075480559436798,0.012075480559436799
2020-01-23,302.369140625,0.0011459897977772492,0.11459897977772493
2020-01-24,299.6802978515625,-0.008932358306370302,-0.8932358306370302
2020-01-27,294.87652587890625,-0.016159520216011497,-1.6159520216011498
2020-01-28,297.96649169921875,0.010424323842781774,1.0424323842781775
2020-01-29,297.72052001953125,-0.0008258420574169722,-0.08258420574169723
2020-01-30,298.68670654296875,0.003240025692644673,0.3240025692644673
2020-01-31,293.26312255859375,-0.018324984615684287,-1.8324984615684288
2020-02-03,295.441650390625,0.0074011215009200885,0.7401121500920088
2020-02-04,299.9444580078125,0.015125960800503595,1.5125960800503595
2020-02-05,303.4082336425781,0.011481886916738229,1.1481886916738229
2020-02-06,304.42926025390625,0.0033595412652231,0.33595412652231
2020-02-07,302.8067321777344,-0.005343991323873957,-0.5343991323873958
2020-02-10,305.0672912597656,0.007437624954225647,0.7437624954225647
2020-02-11,305.595947265625,0.001731416285031789,0.17314162850317888
2020-02-12,307.56488037109375,0.006422262428324604,0.6422262428324604
2020-02-13,307.2367858886719,-0.0010673182314684532,-0.10673182314684532
2020-02-14,307.7288513183594,0.0016003025370197258,0.16003025370197257
2020-02-18,306.93597412109375,-0.0025798698875060234,-0.25798698875060233
2020-02-19,308.4034729003906,0.004769730166242866,0.47697301662428654
2020-02-20,307.13641357421875,-0.0041169098660310014,-0.41169098660310016
2020-02-21,303.9735412597656,-0.010351330496939188,-1.0351330496939188
2020-02-24,293.89208984375,-0.033728003673979295,-3.3728003673979297
2020-02-25,284.9865417480469,-0.03077070139774777,-3.077070139774777
2020-02-26,283.9383239746094,-0.0036849117438885895,-0.368491174388859
2020-02-27,271.1861267089844,-0.04595164591818501,-4.595164591818501
2020-02-28,270.0467529296875,-0.004210296547980159,-0.4210296547980159
2020-03-02,281.7415771484375,0.04239515469569165,4.239515469569165
2020-03-03,273.6745300292969,-0.02905070397191182,-2.905070397191182
2020-03-04,285.1779479980469,0.041173810635026974,4.117381063502697
2020-03-05,275.6982421875,-0.03380642217241409,-3.3806422172414092
2020-03-06,271.1405334472656,-0.01666968212029971,-1.666968212029971
2020-03-09,249.96592712402344,-0.08131264300321203,-8.131264300321202
2020-03-10,262.900390625,0.05045060049603705,5.045060049603705
2020-03-11,250.08444213867188,-0.04997658817986868,-4.997658817986868
2020-03-12,226.15707397460938,-0.10056885393979645,-10.056885393979645
2020-03-13,245.4904022216797,0.08202807620412991,8.202807620412992
2020-03-16,218.6279296875,-0.11588651788675104,-11.588651788675104
2020-03-17,230.43211364746094,0.05258496749582504,5.258496749582504
2020-03-18,218.76458740234375,-0.05196009297716752,-5.196009297716752
2020-03-19,219.22952270507812,0.002123021596116171,0.21230215961161708
2020-03-20,209.7820281982422,-0.044050199176138276,-4.405019917613828
2020-03-23,204.41824340820312,-0.025900922890709027,-2.5900922890709026
2020-03-24,222.939208984375,0.0867310210337792,8.67310210337792
2020-03-25,226.2766571044922,0.014859268250686489,1.4859268250686488
2020-03-26,239.4888458251953,0.056748445915548,5.6748445915548
2020-03-27,232.35557556152344,-0.030237991377100364,-3.023799137710036
2020-03-30,239.9014892578125,0.03195952601946113,3.195952601946113
2020-03-31,236.32565307617188,-0.015017637879937186,-1.5017637879937187
2020-04-01,225.68984985351562,-0.04604902881142868,-4.604902881142868
2020-04-02,230.89772033691406,0.02281313240384707,2.281313240384707
2020-04-03,227.560302734375,-0.014559573135092142,-1.455957313509214
2020-04-06,242.84466552734375,0.06500673219753958,6.500673219753958
2020-04-07,243.09225463867188,0.0010190175822334326,0.10190175822334326
2020-04-08,251.25254821777344,0.03301758147112375,3.3017581471123747
2020-04-09,255.0758819580078,0.015102475715145346,1.5102475715145347
2020-04-13,252.7469940185547,-0.009172112469097543,-0.9172112469097543
2020-04-14,260.201171875,0.029066105087186406,2.9066105087186407
2020-04-15,254.67242431640625,-0.021476961000263927,-2.1476961000263928
2020-04-16,255.90103149414062,0.004812665191039523,0.48126651910395224
2020-04-17,262.8143005371094,0.026656927170639076,2.6656927170639078
2020-04-20,258.1839904785156,-0.017775229030073673,-1.7775229030073674
2020-04-21,250.34478759765625,-0.03083335404824678,-3.0833354048246777
2020-04-22,255.90103149414062,0.021951655907681375,2.1951655907681373
2020-04-23,255.8826446533203,-7.185395582224189e-05,-0.007185395582224189
2020-04-24,259.4493408203125,0.013842545079179255,1.3842545079179254
2020-04-27,263.1902770996094,0.014315792528402692,1.4315792528402693
2020-04-28,261.97998046875,-0.004609167240862531,-0.4609167240862531
2020-04-29,268.838134765625,0.0258413785771176,2.58413785771176
2020-04-30,266.335205078125,-0.00935378409294765,-0.935378409294765
2020-05-01,259.2843322753906,-0.026830417339154377,-2.6830417339154375
2020-05-04,259.99945068359375,0.0027542506958181862,0.2754250695818186
2020-05-05,262.4017028808594,0.009197028428410553,0.9197028428410553
2020-05-06,260.6229248046875,-0.006801916545027694,-0.6801916545027694
2020-05-07,263.7678527832031,0.011994740635805462,1.1994740635805463
2020-05-08,268.1322326660156,0.016410893519534557,1.6410893519534557
2020-05-11,268.187255859375,0.00020518811913289534,0.020518811913289532
2020-05-12,262.8418273925781,-0.02013301791983908,-2.013301791983908
2020-05-13,258.1931457519531,-0.01784450271010802,-1.784450271010802
2020-05-14,261.2831115722656,0.011896606322373916,1.1896606322373917
2020-05-15,262.4842224121094,0.004586437020398531,0.45864370203985305
2020-05-18,270.4794616699219,0.030005192992247198,3.00051929922472
2020-05-19,267.7012023925781,-0.010324726037251439,-1.032472603725144
2020-05-20,272.2489929199219,0.016845620622285108,1.6845620622285107
2020-05-21,270.3694152832031,-0.006927834094115488,-0.6927834094115488
2020-05-22,270.88275146484375,0.0018968472260957492,0.18968472260957492
2020-05-26,274.2202453613281,0.012245522851157686,1.2245522851157686
2020-05-27,278.3004455566406,0.014769670835613686,1.4769670835613686
2020-05-28,277.7869567871094,-0.0018467921168897948,-0.1846792116889795
2020-05-29,279.0247497558594,0.00444600928162454,0.44460092816245406
2020-06-01,280.1524353027344,0.004033380137055226,0.40333801370552264
2020-06-02,282.47222900390625,0.008246374516958045,0.8246374516958045
2020-06-03,286.2314453125,0.013220491555206312,1.3220491555206313
2020-06-04,285.4795227050781,-0.0026304307002735167,-0.26304307002735167
2020-06-05,292.7962341308594,0.025306618231230066,2.5306618231230065
2020-06-08,296.3354187011719,0.012015063628322144,1.2015063628322145
2020-06-09,294.125732421875,-0.007484646841287347,-0.7484646841287347
2020-06-10,292.4844970703125,-0.005595673418280195,-0.5595673418280195
2020-06-11,275.62310791015625,-0.05937728234577518,-5.937728234577518
2020-06-12,278.92388916015625,0.011904564443420515,1.1904564443420516
2020-06-15,281.52777099609375,0.00929215044521539,0.9292150445215389
2020-06-16,286.94659423828125,0.0190650193094977,1.9065019309497702
2020-06-17,285.75457763671875,-0.004162793377969385,-0.4162793377969385
2020-06-18,285.86468505859375,0.00038524742052122897,0.0385247420521229
2020-06-19,284.23089599609375,-0.005731647778134896,-0.5731647778134896
2020-06-22,286.0543212890625,0.006394805446664312,0.6394805446664312
2020-06-23,287.3712463378906,0.004593193741214745,0.4593193741214745
2020-06-24,280.0408020019531,-0.025839607114461455,-2.5839607114461454
2020-06-25,283.04296875,0.01066340516817819,1.0663405168178188
2020-06-26,276.3203125,-0.02403797382376101,-2.403797382376101
2020-06-29,280.3814697265625,0.014590322503192038,1.4590322503192037
2020-06-30,283.9730529785156,0.01272828194491135,1.272828194491135
2020-07-01,285.9622802734375,0.0069805651851839075,0.6980565185183908
2020-07-02,287.5370178222656,0.0054916946253503705,0.5491694625350371
2020-07-06,291.9757995605469,0.015319311024872984,1.5319311024872984
2020-07-07,288.9644470214844,-0.010367260758525778,-1.0367260758525778
2020-07-08,291.174560546875,0.007619291889138245,0.7619291889138246
2020-07-09,289.51702880859375,-0.005708835017943475,-0.5708835017943474
2020-07-10,292.47314453125,0.010158732159355182,1.0158732159355182
2020-07-13,289.9405517578125,-0.008696940860598598,-0.8696940860598598
2020-07-14,293.697998046875,0.012876113833731242,1.2876113833731242
2020-07-15,296.396240234375,0.00914518671062025,0.914518671062025
2020-07-16,295.4200744628906,-0.0032988839020258527,-0.32988839020258526
2020-07-17,296.2764587402344,0.0028946759944278957,0.28946759944278955
2020-07-20,298.6708679199219,0.008049190239486272,0.8049190239486272
2020-07-21,299.3063049316406,0.002125289324573771,0.21252893245737708
2020-07-22,301.00994873046875,0.005675836234728762,0.5675836234728762
2020-07-23,297.4184265136719,-0.012003325669129301,-1.20033256691293
2020-07-24,295.5029296875,-0.006461239657118409,-0.6461239657118409
2020-07-27,297.65789794921875,0.007266082460064464,0.7266082460064464
2020-07-28,295.77001953125,-0.0063626423068506984,-0.6362642306850699
2020-07-29,299.40765380859375,0.012223844191416023,1.2223844191416022
2020-07-30,298.3393249511719,-0.0035745224414523084,-0.35745224414523086
2020-07-31,300.6968994140625,0.00787126567410836,0.787126567410836
2020-08-03,302.7873840332031,0.006928077625577139,0.6928077625577139
2020-08-04,303.9569396972656,0.0038551893008680867,0.38551893008680865
2020-08-05,305.8448181152344,0.006191797335087291,0.6191797335087291
2020-08-06,307.88916015625,0.0066620056064716745,0.6662005606471675
2020-08-07,308.1103210449219,0.000718055468953503,0.07180554689535029
2020-08-10,309.03118896484375,0.0029843029140903298,0.298430291409033
2020-08-11,306.480224609375,-0.008288973705347919,-0.8288973705347918
2020-08-12,310.7532653808594,0.0138460051394256,1.38460051394256
2020-08-13,310.19146728515625,-0.0018094951754596817,-0.18094951754596816
2020-08-14,310.2007751464844,3.0006375619207003e-05,0.0030006375619207005
2020-08-17,311.1860656738281,0.0031712655897004026,0.3171265589700403
2020-08-18,311.8584289550781,0.002158316293791856,0.2158316293791856
2020-08-19,310.5599060058594,-0.004172514722680866,-0.4172514722680866
2020-08-20,311.52685546875,0.0031087311336826604,0.31087311336826606
2020-08-21,312.63189697265625,0.0035409025481641094,0.35409025481641093
2020-08-24,315.7998352050781,0.010082129545877219,1.0082129545877219
2020-08-25,316.905029296875,0.0034935568789582865,0.34935568789582866
2020-08-26,320.0821228027344,0.009975459760334803,0.9975459760334803
2020-08-27,320.78192138671875,0.002183922997307058,0.2183922997307058
2020-08-28,322.85406494140625,0.0064388901734353885,0.6438890173435389
2020-08-31,321.6844787597656,-0.003629224277786869,-0.3629224277786869
2020-09-01,324.7144470214844,0.009374986043203712,0.9374986043203711
2020-09-02,329.41107177734375,0.014360257568082006,1.4360257568082007
2020-09-03,318.0745849609375,-0.0350205299503734,-3.50205299503734
2020-09-04,315.4775695800781,-0.008198314560814442,-0.8198314560814441
2020-09-08,306.8577880859375,-0.027703175348415557,-2.770317534841556
2020-09-09,312.91741943359375,0.01955491078183409,1.955491078183409
2020-09-10,307.4840087890625,-0.017516238097666288,-1.7516238097666288
2020-09-11,307.64056396484375,0.0005090194282456399,0.05090194282456399
2020-09-14,311.6925354003906,0.01308513707627854,1.308513707627854
2020-09-15,313.267333984375,0.005039689728098777,0.5039689728098777
2020-09-16,312.0241394042969,-0.003976373486781785,-0.3976373486781785
2020-09-17,309.27984619140625,-0.008834036554057723,-0.8834036554057724
2020-09-18,305.7192077636719,-0.011579459155575155,-1.1579459155575156
2020-09-21,302.31671142578125,-0.011191877802918629,-1.1191877802918628
2020-09-22,305.3956298828125,0.01013290200601393,1.013290200601393
2020-09-23,298.31317138671875,-0.023464237816592622,-2.3464237816592624
2020-09-24,299.1082763671875,0.0026617907773812304,0.26617907773812305
2020-09-25,303.9439392089844,0.01603763774734835,1.603763774734835
2020-09-28,308.9921875,0.016472719502846348,1.647271950284635
2020-09-29,307.30950927734375,-0.005460580143195629,-0.5460580143195629
2020-09-30,309.6394958496094,0.007553290889408073,0.7553290889408073
2020-10-01,311.6273498535156,0.006399378307535432,0.6399378307535432
2020-10-02,308.6686706542969,-0.00953964410282364,-0.953964410282364
2020-10-05,314.1423034667969,0.017577640642679956,1.7577640642679957
2020-10-06,309.6764221191406,-0.014318126274882706,-1.4318126274882705
2020-10-07,315.06689453125,0.01725702714562615,1.7257027145626151
2020-10-08,317.8592224121094,0.008823608072797811,0.8823608072797812
2020-10-09,320.69769287109375,0.008890324688619248,0.8890324688619248
2020-10-12,325.8569030761719,0.015959424749531718,1.5959424749531719
2020-10-13,323.73040771484375,-0.006547242910266017,-0.6547242910266017
2020-10-14,321.6963195800781,-0.006303100826509659,-0.6303100826509659
2020-10-15,321.2986145019531,-0.0012370396958384297,-0.12370396958384297
2020-10-16,321.1045227050781,-0.0006042679169492774,-0.06042679169492774
2020-10-19,316.22265625,-0.015320112179288782,-1.5320112179288783
2020-10-20,317.4892883300781,0.003997506367517648,0.3997506367517648
2020-10-21,316.8883972167969,-0.0018944275836957492,-0.18944275836957492
2020-10-22,318.6265563964844,0.00547009477556315,0.547009477556315
2020-10-23,319.70831298828125,0.0033893107809991538,0.3389310780999154
2020-10-26,313.8002014160156,-0.01865257603359402,-1.8652576033594022
2020-10-27,312.71844482421875,-0.0034532337489650874,-0.3453233748965087
2020-10-28,302.02996826171875,-0.03477700330453566,-3.4777003304535663
2020-10-29,305.099609375,0.010112066297542459,1.011206629754246
2020-10-30,301.91912841796875,-0.010479116585733278,-1.047911658573328
2020-11-02,305.30316162109375,0.011146060653850123,1.1146060653850123
2020-11-03,310.6935729980469,0.017501875158012783,1.7501875158012783
2020-11-04,317.6372375488281,0.02210283856038392,2.2102838560383917
2020-11-05,323.8321228027344,0.019315272823550854,1.9315272823550853
2020-11-06,323.7581787109375,-0.00022836689167642828,-0.022836689167642827
2020-11-09,327.8263854980469,0.012487280620608252,1.2487280620608252
2020-11-10,327.3456115722656,-0.001467626865089377,-0.1467626865089377
2020-11-11,329.7773132324219,0.0074010894104831375,0.7401089410483137
2020-11-12,326.5781555175781,-0.009748324503227879,-0.9748324503227879
2020-11-13,331.09942626953125,0.013749417965486954,1.3749417965486954
2020-11-16,335.2323913574219,0.012405285116611845,1.2405285116611846
2020-11-17,333.429443359375,-0.005392718034113279,-0.539271803411328
2020-11-18,329.4166564941406,-0.012107896204762065,-1.2107896204762065
2020-11-19,330.8035888671875,0.004201429516799874,0.42014295167998744
2020-11-20,328.53826904296875,-0.006871484679938363,-0.6871484679938363
2020-11-23,330.5076599121094,0.0059765082966477074,0.5976508296647708
2020-11-24,335.8333435058594,0.01598519968135726,1.598519968135726
2020-11-25,335.31561279296875,-0.0015428194016469795,-0.15428194016469796
2020-11-27,336.24951171875,0.0027812627359668886,0.27812627359668884
2020-11-30,334.76080322265625,-0.00443722221711027,-0.443722221711027
2020-12-01,338.4222412109375,0.010878093630572065,1.0878093630572065
2020-12-02,339.1341857910156,0.0021015071622703476,0.21015071622703477
2020-12-03,339.0418395996094,-0.0002723369406159676,-0.027233694061596758
2020-12-04,341.9634704589844,0.00858039942184677,0.858039942184677
2020-12-07,341.2607421875,-0.0020570948929635883,-0.20570948929635882
2020-12-08,342.2593994140625,0.0029221024411184974,0.29221024411184976
2020-12-09,339.1897277832031,-0.009009307581386511,-0.9009307581386511
2020-12-10,339.0787353515625,-0.00032728171414129055,-0.03272817141412906
2020-12-11,338.68115234375,-0.0011732268628916764,-0.11732268628916764
2020-12-14,337.1648254394531,-0.004487204180869747,-0.4487204180869747
2020-12-15,341.72320556640625,0.01342916187742095,1.342916187742095
2020-12-16,342.2593994140625,0.0015678584618682016,0.15678584618682015
2020-12-17,344.1733093261719,0.0055764093038404286,0.5576409303840428
2020-12-18,342.7990417480469,-0.0040009453341129445,-0.4000945334112944
2020-12-21,341.5733947753906,-0.003581816617989002,-0.3581816617989002
2020-12-22,340.9976806640625,-0.0016868990455824254,-0.16868990455824254
2020-12-23,341.3040771484375,0.0008981260899959184,0.08981260899959184
2020-12-24,342.6319885253906,0.003883149645747292,0.3883149645747292
2020-12-28,345.5754699707031,0.008554104892341223,0.8554104892341223
2020-12-29,344.9161682128906,-0.0019096594997402776,-0.19096594997402774
2020-12-30,345.408203125,0.0014255182515949029,0.14255182515949028
2020-12-31,347.1631774902344,0.005068006477555399,0.5068006477555399
2021-01-04,342.4368591308594,-0.01370763374162172,-1.3707633741621719
2021-01-05,344.7953796386719,0.006863850775299887,0.6863850775299887
2021-01-06,346.8568115234375,0.005960909298281045,0.5960909298281045
2021-01-07,352.0101623535156,0.014747997625669421,1.4747997625669422
2021-01-08,354.0158996582031,0.005681780910022347,0.5681780910022347
2021-01-11,351.6294860839844,-0.006763801536679568,-0.6763801536679568
2021-01-12,351.70379638671875,0.00021130893379557922,0.02113089337955792
2021-01-13,352.65087890625,0.0026892221306137856,0.2689222130613786
2021-01-14,351.41595458984375,-0.003507978288594197,-0.3507978288594197
2021-01-15,348.8531188964844,-0.007319606798953565,-0.7319606798953565
2021-01-19,351.5923156738281,0.007821339410485842,0.7821339410485841
2021-01-20,356.4579162597656,0.013743875664545808,1.3743875664545808
2021-01-21,356.7828674316406,0.0009111963359035664,0.09111963359035664
2021-01-22,355.52001953125,-0.003545820876586665,-0.3545820876586665
2021-01-25,356.9222106933594,0.003936299430712656,0.39362994307126564
2021-01-26,356.3650817871094,-0.0015621448059427087,-0.15621448059427087
2021-01-27,347.6552734375,-0.02474432077116273,-2.474432077116273
2021-01-28,350.6452331542969,0.008563585335939424,0.8563585335939424
2021-01-29,343.62548828125,-0.02022261312228218,-2.0222613122282183
2021-02-01,349.3452453613281,0.01650830749262586,1.650830749262586
2021-02-02,354.2851257324219,0.014041353914914593,1.4041353914914594
2021-02-03,354.5636901855469,0.0007859629901595475,0.07859629901595475
2021-02-04,358.5935974121094,0.011301714758137156,1.1301714758137156
2021-02-05,360.00494384765625,0.003928057654516864,0.3928057654516864
2021-02-08,362.6048583984375,0.007195932747203907,0.7195932747203907
2021-02-09,362.3634338378906,-0.0006660279409646052,-0.06660279409646051
2021-02-10,362.20556640625,-0.000435755418974458,-0.0435755418974458
2021-02-11,362.7904968261719,0.0016136102704643201,0.16136102704643202
2021-02-12,364.5826416015625,0.0049277277567406005,0.4927727756740601
2021-02-16,364.26690673828125,-0.0008663924777083854,-0.08663924777083855
2021-02-17,364.3505859375,0.00022969308430776346,0.022969308430776346
2021-02-18,362.7998046875,-0.00426537239382316,-0.42653723938231597
2021-02-19,362.1591491699219,-0.0017674260892766977,-0.17674260892766977
2021-02-22,359.37353515625,-0.007721418347634497,-0.7721418347634497
2021-02-23,359.8099365234375,0.0012136024754028083,0.12136024754028082
2021-02-24,363.77484130859375,0.010959170479440738,1.0959170479440739
2021-02-25,355.0093688964844,-0.024390928026319474,-2.439092802631947
2021-02-26,353.1800842285156,-0.005166099913840014,-0.5166099913840013
2021-03-01,361.7413024902344,0.023951241877257935,2.3951241877257936
2021-03-02,358.9185791015625,-0.007833758742825958,-0.7833758742825958
2021-03-03,354.16448974609375,-0.013334098093159896,-1.3334098093159896
2021-03-04,349.7817077636719,-0.01245219770947076,-1.245219770947076
2021-03-05,356.21649169921875,0.018229400968098424,1.8229400968098424
2021-03-08,354.4430236816406,-0.0049910587580012595,-0.49910587580012594
2021-03-09,359.5035705566406,0.01417649910619106,1.417649910619106
2021-03-10,361.7413024902344,0.006205213229168408,0.6205213229168408
2021-03-11,365.40911865234375,0.010088276545165921,1.0088276545165922
2021-03-12,365.9011535644531,0.001345625803565503,0.1345625803565503
2021-03-15,368.0832824707031,0.00594599892911468,0.594599892911468
2021-03-16,367.6190490722656,-0.0012620143776858202,-0.12620143776858203
2021-03-17,368.8724365234375,0.0034036745453996124,0.34036745453996126
2021-03-18,363.5054931640625,-0.014656475066339247,-1.4656475066339247
2021-03-19,362.83294677734375,-0.0018518821032776547,-0.18518821032776547
2021-03-22,365.730224609375,0.007953443760611262,0.7953443760611263
2021-03-23,362.8515930175781,-0.007902054377991243,-0.7902054377991243
2021-03-24,361.007080078125,-0.0050963454615171235,-0.5096345461517123
2021-03-25,363.0378723144531,0.005609589722139982,0.5609589722139983
2021-03-26,368.8882141113281,0.015986495088884167,1.5986495088884167
2021-03-29,368.701904296875,-0.0005051852343618006,-0.05051852343618006
2021-03-30,367.7237548828125,-0.0026564799232445067,-0.2656479923244507
2021-03-31,369.21429443359375,0.004045228997870932,0.4045228997870932
2021-04-01,373.2013854980469,0.010740962251039187,1.0740962251039188
2021-04-05,378.5580749511719,0.014251314141270394,1.4251314141270395
2021-04-06,378.33447265625,-0.0005908429198663819,-0.05908429198663819
2021-04-07,378.7723083496094,0.0011566023529375048,0.11566023529375048
2021-04-08,380.5702819824219,0.004735614769468409,0.4735614769468409
2021-04-09,383.3370361328125,0.0072437223279593855,0.7243722327959385
2021-04-12,383.4768981933594,0.0003647874819090864,0.03647874819090864
2021-04-13,384.6134338378906,0.0029593823190087777,0.29593823190087776
2021-04-14,383.2998352050781,-0.003421219471118587,-0.34212194711185867
2021-04-15,387.4173583984375,0.010685014949980922,1.0685014949980922
2021-04-16,388.71234130859375,0.003337030169993992,0.3337030169993992
2021-04-19,386.80255126953125,-0.004925228175392689,-0.4925228175392689
2021-04-20,383.97052001953125,-0.007348580535588341,-0.7348580535588342
2021-04-21,387.6037292480469,0.009417722495087016,0.9417722495087016
2021-04-22,384.0636291503906,-0.009175261579993266,-0.9175261579993266
2021-04-23,388.2279052734375,0.010784312132420976,1.0784312132420977
2021-04-26,389.038330078125,0.0020853217636634335,0.20853217636634336
2021-04-27,388.95452880859375,-0.00021542940631944754,-0.021542940631944753
2021-04-28,388.8426513671875,-0.0002876776749243088,-0.02876776749243088
2021-04-29,391.32080078125,0.006352919358088871,0.6352919358088871
2021-04-30,388.74957275390625,-0.006592321478733765,-0.6592321478733765
2021-05-03,389.58795166015625,0.002154281925747682,0.21542819257476822
2021-05-04,387.1846008300781,-0.006188062365190652,-0.6188062365190652
2021-05-05,387.3056335449219,0.0003125480747390616,0.03125480747390616
2021-05-06,390.3985595703125,0.007954032804092308,0.7954032804092308
2021-05-07,393.2398376464844,0.0072515347305892545,0.7251534730589254
2021-05-10,389.3458557128906,-0.009951661788549069,-0.9951661788549069
2021-05-11,385.8709411621094,-0.008965073612272476,-0.8965073612272476
2021-05-12,377.67303466796875,-0.02147413058565021,-2.147413058565021
2021-05-13,382.2098693847656,0.0119410203878574,1.1941020387857402
2021-05-14,388.0787353515625,0.015238391161483547,1.5238391161483547
2021-05-17,387.09130859375,-0.002547640481200695,-0.25476404812006953
2021-05-18,383.75628662109375,-0.00865292387743106,-0.865292387743106
2021-05-19,382.7502136230469,-0.0026250881772591963,-0.2625088177259196
2021-05-20,386.8677673339844,0.010700355501690477,1.0700355501690477
2021-05-21,386.5510559082031,-0.0008189907821388124,-0.08189907821388123
2021-05-24,390.49163818359375,0.010142598564258285,1.0142598564258285
2021-05-25,389.62530517578125,-0.0022210346059566943,-0.22210346059566943
2021-05-26,390.3985595703125,0.001982643564579117,0.1982643564579117
2021-05-27,390.6034851074219,0.0005247759419037213,0.05247759419037212
2021-05-28,391.3021240234375,0.0017870164730325073,0.17870164730325072
2021-06-01,390.9574890136719,-0.0008811269975322774,-0.08811269975322773
2021-06-02,391.5722351074219,0.0015711766627236267,0.15711766627236268
2021-06-03,390.1190185546875,-0.0037181386387491115,-0.37181386387491117
2021-06-04,393.68695068359375,0.00910418372212551,0.9104183722125511
2021-06-07,393.3050231933594,-0.0009706008012668326,-0.09706008012668325
2021-06-08,393.38885498046875,0.0002131242907883162,0.02131242907883162
2021-06-09,392.8019714355469,-0.0014929801626162589,-0.1492980162616259
2021-06-10,394.62786865234375,0.004637620766661039,0.46376207666610386
2021-06-11,395.2799987792969,0.0016511552853189367,0.16511552853189368
2021-06-14,396.1650085449219,0.0022364412594988903,0.22364412594988903
2021-06-15,395.4383544921875,-0.001835904926043378,-0.1835904926043378
2021-06-16,393.23046875,-0.005599033320621148,-0.5599033320621148
2021-06-17,393.1000671386719,-0.0003316712414739235,-0.03316712414739235
2021-06-18,387.7969970703125,-0.013582203943085342,-1.3582203943085343
2021-06-21,393.3487243652344,0.014214558490602528,1.4214558490602527
2021-06-22,395.4516296386719,0.005331920161506143,0.5331920161506143
2021-06-23,394.9749450683594,-0.001206145247023575,-0.1206145247023575
2021-06-24,397.3114929199219,0.005898257280343787,0.5898257280343787
2021-06-25,398.7227783203125,0.0035457942704537927,0.35457942704537926
2021-06-28,399.5266418457031,0.0020140667235573196,0.20140667235573195
2021-06-29,399.7416076660156,0.0005379065804930654,0.053790658049306536
2021-06-30,400.0779724121094,0.0008411016041669618,0.08411016041669618
2021-07-01,402.2931213378906,0.005521521328073966,0.5521521328073966
2021-07-02,405.3680725097656,0.007614494920790458,0.7614494920790458
2021-07-06,404.6296691894531,-0.001823223663093416,-0.1823223663093416
2021-07-07,406.0596618652344,0.003527847485118637,0.3527847485118637
2021-07-08,402.75103759765625,-0.008181500876594786,-0.8181500876594786
2021-07-09,407.05035400390625,0.0106182993652699,1.06182993652699
2021-07-12,408.5083312988281,0.0035754112472223105,0.35754112472223104
2021-07-13,407.1157531738281,-0.003414758109033418,-0.3414758109033418
2021-07-14,407.72332763671875,0.001491275000912043,0.1491275000912043
2021-07-15,406.3307189941406,-0.0034214190245567583,-0.34214190245567583
2021-07-16,403.1436462402344,-0.007874466096095805,-0.7874466096095805
2021-07-19,397.19012451171875,-0.014877871617772973,-1.4877871617772973
2021-07-20,402.8819885253906,0.014228617517780831,1.422861751778083
2021-07-21,406.1437683105469,0.008063519439474778,0.8063519439474778
2021-07-22,406.9942626953125,0.00209188271235716,0.209188271235716
2021-07-23,411.1814880371094,0.010235604991023328,1.0235604991023328
2021-07-26,412.1908874511719,0.0024518673440891902,0.24518673440891903
2021-07-27,410.312255859375,-0.004568091621121961,-0.4568091621121961
2021-07-28,410.1440124511719,-0.0004101215800514412,-0.041012158005144114
2021-07-29,411.84503173828125,0.004138794129395503,0.41387941293955033
2021-07-30,409.8449401855469,-0.00486824853954286,-0.48682485395428604
2021-08-02,408.985107421875,-0.002100150286907563,-0.2100150286907563
2021-08-03,412.3122863769531,0.008102295664990272,0.8102295664990272
2021-08-04,410.2841491699219,-0.0049310724651381085,-0.4931072465138108
2021-08-05,412.8825378417969,0.006313174094673709,0.6313174094673709
2021-08-06,413.564697265625,0.0016508242747257746,0.16508242747257745
2021-08-09,413.2283020019531,-0.0008137351974008491,-0.08137351974008492
2021-08-10,413.74237060546875,0.0012432573167573389,0.1243257316757339
2021-08-11,414.77044677734375,0.0024817399995947023,0.24817399995947023
2021-08-12,416.0135498046875,0.0029926044800913966,0.29926044800913965
2021-08-13,416.7705383300781,0.0018179711756369972,0.1817971175636997
2021-08-16,417.75189208984375,0.0023518941525089354,0.23518941525089354
2021-08-17,415.0133972167969,-0.00657689454510401,-0.6576894545104011
2021-08-18,410.4710693359375,-0.011005352398999434,-1.1005352398999433
2021-08-19,411.1066589355469,0.001547241860473659,0.1547241860473659
2021-08-20,414.3778381347656,0.00792551848945757,0.7925518489457569
2021-08-23,418.0229797363281,0.008758196348747097,0.8758196348747096
2021-08-24,418.6865539550781,0.0015861522575106835,0.15861522575106834
2021-08-25,419.5650939941406,0.0020961255796753922,0.20961255796753922
2021-08-26,417.0883483886719,-0.005920618298873592,-0.5920618298873592
2021-08-27,420.8175048828125,0.008901193616661267,0.8901193616661267
2021-08-30,422.6680603027344,0.00438788395544583,0.438788395544583
2021-08-31,422.0419006347656,-0.0014825438591064735,-0.14825438591064735
2021-09-01,422.2660827636719,0.0005310435020934824,0.05310435020934824
2021-09-02,423.5653381347656,0.0030721402890965988,0.3072140289096599
2021-09-03,423.4625244140625,-0.000242763492805707,-0.0242763492805707
2021-09-07,421.9483947753906,-0.0035820007129128075,-0.35820007129128073
2021-09-08,421.4343566894531,-0.0012189913741943307,-0.12189913741943306
2021-09-09,419.6305236816406,-0.004289409332482417,-0.4289409332482417
2021-09-10,416.32196044921875,-0.007915714280467764,-0.7915714280467765
2021-09-13,417.387451171875,0.002556025607721066,0.25560256077210664
2021-09-14,415.1348876953125,-0.005411431905970547,-0.5411431905970547
2021-09-15,418.6024169921875,0.008318085974353243,0.8318085974353243
2021-09-16,417.9388427734375,-0.001586471319094501,-0.1586471319094501
2021-09-17,413.86761474609375,-0.009788961123153181,-0.9788961123153181
2021-09-20,406.96673583984375,-0.01681469956364651,-1.6814699563646511
2021-09-21,406.5823669433594,-0.0009449188101093477,-0.09449188101093477
2021-09-22,410.5484313964844,0.009707370241481212,0.9707370241481211
2021-09-23,415.53668212890625,0.012076991293458926,1.2076991293458925
2021-09-24,416.2210998535156,0.0016457143988478338,0.16457143988478337
2021-09-27,415.0303649902344,-0.002864922897780616,-0.2864922897780616
2021-09-28,406.666748046875,-0.02035763703073132,-2.0357637030731324
2021-09-29,407.3511962890625,0.0016816543375963871,0.16816543375963872
2021-09-30,402.3724060058594,-0.012297660621865941,-1.229766062186594
2021-10-01,407.154296875,0.011814178510202937,1.1814178510202937
2021-10-04,401.90362548828125,-0.012979899114341614,-1.2979899114341613
2021-10-05,406.0853576660156,0.010351055774941813,1.0351055774941813
2021-10-06,407.7730712890625,0.004147443786877457,0.4147443786877457
2021-10-07,411.2985534667969,0.008608536403974756,0.8608536403974756
2021-10-08,410.5484313964844,-0.0018254548411807273,-0.18254548411807273
2021-10-11,407.57623291015625,-0.007265913599852377,-0.7265913599852377
2021-10-12,406.5729064941406,-0.002464725135428644,-0.2464725135428644
2021-10-13,408.03564453125,0.003591269959963801,0.3591269959963801
2021-10-14,414.8990173339844,0.016680624260064773,1.6680624260064774
2021-10-15,418.05889892578125,0.0075871702239811,0.75871702239811
2021-10-18,419.2965087890625,0.002955998738546213,0.2955998738546213
2021-10-19,422.5313415527344,0.007685297377925079,0.7685297377925079
2021-10-20,424.1909484863281,0.0039200788225006574,0.3920078822500657
2021-10-21,425.29736328125,0.002604898514143846,0.2604898514143846
2021-10-22,424.85662841796875,-0.001036835460559046,-0.1036835460559046
2021-10-25,427.1351013183594,0.0053485926039839255,0.5348592603983926
2021-10-26,427.5195007324219,0.0008995433688902927,0.08995433688902928
2021-10-27,425.62542724609375,-0.004440222372793392,-0.4440222372793392
2021-10-28,429.7323303222656,0.009602846527099492,0.9602846527099492
2021-10-29,430.60430908203125,0.002027064798609079,0.2027064798609079
2021-11-01,431.3450622558594,0.0017187862322842354,0.17187862322842354
2021-11-02,433.0889587402344,0.004034776068083261,0.40347760680832606
2021-11-03,435.73309326171875,0.00608673013944292,0.608673013944292
2021-11-04,437.7864990234375,0.004701461906939552,0.4701461906939552
2021-11-05,439.3054504394531,0.0034636116212609066,0.34636116212609064
2021-11-08,439.6805114746094,0.0008533948758455311,0.08533948758455312
2021-11-09,438.227294921875,-0.0033106389291836552,-0.3310638929183655
2021-11-10,434.7016906738281,-0.008077686676438739,-0.8077686676438739
2021-11-11,434.8423156738281,0.0003234453925262453,0.03234453925262453
2021-11-12,438.1240234375,0.007518556159260971,0.7518556159260971
2021-11-15,438.2740478515625,0.0003423659189647493,0.03423659189647493
2021-11-16,440.0086669921875,0.003950029681121956,0.39500296811219554
2021-11-17,438.9397277832031,-0.002432315121887184,-0.24323151218871839
2021-11-18,440.4305725097656,0.003390713000907445,0.33907130009074454
2021-11-19,439.6430358886719,-0.0017897067331376058,-0.17897067331376057
2021-11-22,438.4052734375,-0.0028193511858349077,-0.28193511858349074
2021-11-23,438.98663330078125,0.0013252001617437752,0.13252001617437753
2021-11-24,440.15869140625,0.0026663596266118766,0.26663596266118766
2021-11-26,430.3417663574219,-0.022555625696858705,-2.2555625696858703
2021-11-29,435.6205749511719,0.012191925052512249,1.219192505251225
2021-11-30,427.1444396972656,-0.019649401232451978,-1.9649401232451977
2021-12-01,422.4000549316406,-0.011169359860890482,-1.1169359860890482
2021-12-02,428.86968994140625,0.015200257296838972,1.5200257296838973
2021-12-03,425.1379089355469,-0.008739511833928838,-0.8739511833928838
2021-12-06,430.1728820800781,0.011773571334188954,1.1773571334188955
2021-12-07,439.07098388671875,0.020473915271160374,2.0473915271160372
2021-12-08,440.233642578125,0.002644497331158841,0.2644497331158841
2021-12-09,437.2613830566406,-0.006774444986763135,-0.6774444986763135
2021-12-10,441.37762451171875,0.009369653597106857,0.9369653597106857
2021-12-13,437.4676513671875,-0.008898037116453573,-0.8898037116453573
2021-12-14,434.4578857421875,-0.006903749118746537,-0.6903749118746537
2021-12-15,441.24639892578125,0.015504432926385042,1.5504432926385041
2021-12-16,437.3551330566406,-0.00885792061758612,-0.8857920617586119
2021-12-17,432.700439453125,-0.01069986368463375,-1.069986368463375
2021-12-20,428.0994567871094,-0.010690118579699284,-1.0690118579699284
2021-12-21,435.7019348144531,0.01760282955932578,1.760282955932578
2021-12-22,440.0584411621094,0.0099491650984835,0.99491650984835
2021-12-23,442.7966003417969,0.006202984251411987,0.6202984251411987
2021-12-27,449.0631103515625,0.01405291227403666,1.405291227403666
2021-12-28,448.6960754394531,-0.0008176690105051132,-0.08176690105051132
2021-12-29,449.27001953125,0.0012783203579030383,0.12783203579030383
2021-12-30,448.02801513671875,-0.0027683225410766402,-0.27683225410766404
2021-12-31,446.8988952636719,-0.002523380309741697,-0.25233803097416974
2022-01-03,449.4864196777344,0.005773257454992719,0.577325745499272
2022-01-04,449.3359375,-0.00033484298190554105,-0.0334842981905541
2022-01-05,440.707763671875,-0.019388810035457296,-1.9388810035457296
2022-01-06,440.293701171875,-0.000939981480192078,-0.0939981480192078
2022-01-07,438.5529479980469,-0.003961454371952517,-0.3961454371952517
2022-01-10,438.00726318359375,-0.0012450596729908269,-0.12450596729908268
2022-01-11,441.9967956542969,0.009067139550606545,0.9067139550606544
2022-01-12,443.1916809082031,0.0026997323424164383,0.2699732342416438
2022-01-13,437.0851745605469,-0.013874281178119315,-1.3874281178119314
2022-01-14,437.263916015625,0.0004088560495904742,0.04088560495904742
2022-01-18,429.5201721191406,-0.01786823277576968,-1.786823277576968
2022-01-19,425.0601806640625,-0.010437946376263357,-1.0437946376263358
2022-01-20,420.35565185546875,-0.011129617377373871,-1.112961737737387
2022-01-21,412.103759765625,-0.019825981351538527,-1.9825981351538526
2022-01-24,413.8539123535156,0.004237881107736505,0.42378811077365053
2022-01-25,408.8011169433594,-0.01228427170650161,-1.228427170650161
2022-01-26,407.7755126953125,-0.0025119621358587595,-0.25119621358587596
2022-01-27,405.7619323730469,-0.004950194846649655,-0.4950194846649655
2022-01-28,415.8392333984375,0.024532113238048478,2.453211323804848
2022-01-31,423.3289794921875,0.017850878677291442,1.7850878677291442
2022-02-01,426.18927001953125,0.006733937352187367,0.6733937352187367
2022-02-02,430.3293762207031,0.009667363257302221,0.9667363257302222
2022-02-03,420.21441650390625,-0.023785810182796352,-2.378581018279635
2022-02-04,422.1903381347656,0.004691154088675896,0.4691154088675896
2022-02-07,420.8355407714844,-0.003214132717649887,-0.32141327176498874
2022-02-08,424.298095703125,0.008194146242294201,0.8194146242294201
2022-02-09,430.5080871582031,0.014529845084863727,1.4529845084863726
2022-02-10,422.7738037109375,-0.018128816172291045,-1.8128816172291045
2022-02-11,414.4372253417969,-0.019915776616502633,-1.9915776616502634
2022-02-14,413.0823059082031,-0.003274655384439877,-0.32746553844398774
2022-02-15,419.7440185546875,0.01599818481834615,1.599818481834615
2022-02-16,420.21441650390625,0.0011200506567034126,0.11200506567034126
2022-02-17,411.2380676269531,-0.021592809724435037,-2.159280972443504
2022-02-18,408.5752868652344,-0.006496088679329478,-0.6496088679329478
2022-02-22,404.1905517578125,-0.010789768560350542,-1.078976856035054
2022-02-23,397.020751953125,-0.01789787828680346,-1.789787828680346
2022-02-24,402.9955749511719,0.014937030373064153,1.4937030373064153
2022-02-25,411.8873291015625,0.021824257278137398,2.18242572781374
2022-02-28,410.8334655761719,-0.0025618997565459477,-0.2561899756545948
2022-03-01,404.576416015625,-0.015347305733397617,-1.5347305733397618
2022-03-02,412.0190734863281,0.01822900974313227,1.8229009743132267
2022-03-03,409.9678955078125,-0.0049907901546986586,-0.4990790154698659
2022-03-04,406.63702392578125,-0.008157898576322912,-0.8157898576322912
2022-03-07,394.64971923828125,-0.0299223696820336,-2.9922369682033603
2022-03-08,391.65753173828125,-0.007610770317875751,-0.7610770317875751
2022-03-09,402.1582336425781,0.026457812782119422,2.6457812782119423
2022-03-10,400.34222412109375,-0.004525885571250112,-0.45258855712501117
2022-03-11,395.2518615722656,-0.012796555688874096,-1.2796555688874096
2022-03-14,392.36328125,-0.007335037422057371,-0.7335037422057371
2022-03-15,400.99151611328125,0.02175212174133808,2.175212174133808
2022-03-16,409.8832092285156,0.021931993321076676,2.1931993321076675
2022-03-17,415.0111999511719,0.012433244121580263,1.2433244121580262
2022-03-18,419.55670166015625,0.010893173935935863,1.0893173935935863
2022-03-21,419.4339904785156,-0.0002925209627841051,-0.029252096278410508
2022-03-22,424.3420104980469,0.011633597941296207,1.1633597941296208
2022-03-23,418.8771667480469,-0.01296203979145397,-1.296203979145397
2022-03-24,425.1914978027344,0.01496193168393138,1.496193168393138
2022-03-25,427.2679138183594,0.0048715987972158025,0.48715987972158026
2022-03-28,430.30706787109375,0.007087815854738318,0.7087815854738319
2022-03-29,435.63037109375,0.012295045906189886,1.2295045906189885
2022-03-30,432.9404296875,-0.006193968307123298,-0.6193968307123299
2022-03-31,426.27691650390625,-0.015510968931363524,-1.5510968931363525
2022-04-01,427.48492431640625,0.0028298491707891837,0.2829849170789184
2022-04-04,431.1470642089844,0.008530225166808434,0.8530225166808434
2022-04-05,425.7011413574219,-0.01271169420345561,-1.271169420345561
2022-04-06,421.4444274902344,-0.01004962983754222,-1.004962983754222
2022-04-07,423.5680236816406,0.005026199694700705,0.5026199694700705
2022-04-08,422.4354248046875,-0.0026775294016316,-0.26775294016316
2022-04-11,415.215087890625,-0.017239924375242403,-1.7239924375242404
2022-04-12,413.6766052246094,-0.0037121482709756228,-0.37121482709756226
2022-04-13,418.4146423339844,0.011388386385777804,1.1388386385777804
2022-04-14,413.20465087890625,-0.012529915217080436,-1.2529915217080436
2022-04-18,413.3745422363281,0.00041107098080681584,0.04110709808068158
2022-04-19,420.0474853515625,0.01601370132721577,1.601370132721577
2022-04-20,419.73602294921875,-0.0007417683570735043,-0.07417683570735042
2022-04-21,413.45953369140625,-0.015066350114157427,-1.5066350114157427
2022-04-22,402.114501953125,-0.02782276798458874,-2.7822767984588737
2022-04-25,404.4458312988281,0.00578093353263528,0.578093353263528
2022-04-26,392.7326965332031,-0.029388593362879748,-2.9388593362879747
2022-04-27,393.8370666503906,0.0028080683864672414,0.2808068386467241
2022-04-28,403.7851257324219,0.02494558212293072,2.494558212293072
2022-04-29,388.8629455566406,-0.037655912980571804,-3.7655912980571804
2022-05-02,391.20367431640625,0.006001374050706879,0.6001374050706879
2022-05-03,392.9969482421875,0.004573516011151519,0.4573516011151519
2022-05-04,404.96490478515625,0.0299985619482681,2.99985619482681
2022-05-05,390.5712890625,-0.03618989746365019,-3.618989746365019
2022-05-06,388.2400207519531,-0.005986752488362477,-0.5986752488362477
2022-05-09,375.8096923828125,-0.03254088056888064,-3.254088056888064
2022-05-10,376.677978515625,0.002307776065321552,0.2307776065321552
2022-05-11,370.6940002441406,-0.016013728955270912,-1.6013728955270912
2022-05-12,370.30706787109375,-0.001044350473607085,-0.10443504736070851
2022-05-13,379.1602478027344,0.023626358525916488,2.362635852591649
2022-05-16,377.6218566894531,-0.004065617363798108,-0.40656173637981075
2022-05-17,385.3896179199219,0.020361501385668647,2.0361501385668648
2022-05-18,369.8539123535156,-0.04114672096884731,-4.114672096884731
2022-05-19,367.5887756347656,-0.0061432403612730795,-0.6143240361273079
2022-05-20,367.7491760253906,0.0004362630619212056,0.04362630619212056
2022-05-23,374.6298522949219,0.018537359063013455,1.8537359063013454
2022-05-24,371.77001953125,-0.007663041933014386,-0.7663041933014386
2022-05-25,375.0545349121094,0.008796005803842257,0.8796005803842257
2022-05-26,382.54864501953125,0.019784379872688728,1.9784379872688729
2022-05-27,391.93988037109375,0.024252639926369873,2.4252639926369874
2022-05-31,389.74072265625,-0.00562675729321566,-0.562675729321566
2022-06-01,386.58831787109375,-0.008121355629754471,-0.8121355629754471
2022-06-02,393.95025634765625,0.018864299697239694,1.8864299697239695
2022-06-03,387.4850158691406,-0.016547469081683263,-1.6547469081683264
2022-06-06,388.66473388671875,0.003039926061807023,0.30399260618070234
2022-06-07,392.3929443359375,0.009546641351529262,0.9546641351529263
2022-06-08,388.1268005371094,-0.010931654992286334,-1.0931654992286333
2022-06-09,378.89599609375,-0.02407034095789021,-2.407034095789021
2022-06-10,367.9096984863281,-0.029424227274913457,-2.942422727491346
2022-06-13,353.9407958984375,-0.03870786758688124,-3.8707867586881237
2022-06-14,352.8742370605469,-0.0030179314181693916,-0.30179314181693917
2022-06-15,357.9049377441406,0.014155689607816732,1.4155689607816733
2022-06-16,346.05975341796875,-0.03365595622498115,-3.365595622498115
2022-06-17,346.80572509765625,0.0021532952385552584,0.21532952385552584
2022-06-21,355.5361328125,0.024862130369139625,2.4862130369139623
2022-06-22,354.8915100097656,-0.001814746332462774,-0.1814746332462774
2022-06-23,358.3703918457031,0.009754928488341998,0.9754928488341998
2022-06-24,369.76434326171875,0.03129882697084998,3.129882697084998
2022-06-27,368.3519592285156,-0.0038270005749622515,-0.38270005749622515
2022-06-28,360.825439453125,-0.020644597881480212,-2.0644597881480213
2022-06-29,360.5316162109375,-0.0008146402842525844,-0.08146402842525845
2022-06-30,357.6025390625,-0.008157510319924153,-0.8157510319924153
2022-07-01,361.3847351074219,0.010520995485643428,1.0520995485643427
2022-07-05,362.0672912597656,0.0018869429623255684,0.18869429623255685
2022-07-06,363.2900695800781,0.003371522906144426,0.33715229061444263
2022-07-07,368.7310791015625,0.014865990511663872,1.4865990511663871
2022-07-08,368.4278259277344,-0.0008227620635553592,-0.08227620635553592
2022-07-11,364.21905517578125,-0.011489346801764548,-1.1489346801764548
2022-07-12,360.9960632324219,-0.008888433461170358,-0.8888433461170359
2022-07-13,359.1002502441406,-0.005265455003503298,-0.5265455003503298
2022-07-14,358.2281799316406,-0.002431440621750397,-0.24314406217503967
2022-07-15,365.0721740722656,0.018924913744541978,1.8924913744541978
2022-07-18,362.05780029296875,-0.008291202821785092,-0.8291202821785092
2022-07-19,371.8403015136719,0.02666059669497175,2.6660596694971748
2022-07-20,374.2101135253906,0.006352975440984562,0.6352975440984562
2022-07-21,378.020751953125,0.01013165292603338,1.0131652926033379
2022-07-22,374.51336669921875,-0.009321599018495294,-0.9321599018495293
2022-07-25,374.9684143066406,0.0012142994662953635,0.12142994662953635
2022-07-26,370.5321960449219,-0.011901454040043146,-1.1901454040043147
2022-07-27,380.1535339355469,0.025634867924763813,2.563486792476381
2022-07-28,384.9216003417969,0.012464470283327209,1.246447028332721
2022-07-29,390.53326416015625,0.014473471085141082,1.447347108514108
2022-08-01,389.3767395019531,-0.0029657922080693127,-0.2965792208069313
2022-08-02,386.8079833984375,-0.006618953983347,-0.6618953983347
2022-08-03,392.8651428222656,0.015538001976416653,1.5538001976416653
2022-08-04,392.5997619628906,-0.0006757294128769359,-0.06757294128769359
2022-08-05,391.9361572265625,-0.001691713223984897,-0.1691713223984897
2022-08-08,391.481201171875,-0.001161465471641613,-0.11614654716416128
2022-08-09,389.9266052246094,-0.003978967155415961,-0.3978967155415961
2022-08-10,398.1165771484375,0.02078634012193682,2.0786340121936817
2022-08-11,398.1165771484375,0.0,0.0
2022-08-12,404.85638427734375,0.016787527692527747,1.6787527692527746
2022-08-15,406.524658203125,0.004112189438320342,0.4112189438320342
2022-08-16,407.3209533691406,0.0019568709563589624,0.19568709563589623
2022-08-17,404.4297180175781,-0.007123486754125861,-0.7123486754125861
2022-08-18,405.6051940917969,0.0029022870045694797,0.290228700456948
2022-08-19,400.1546936035156,-0.013529051786773631,-1.3529051786773632
2022-08-22,391.82244873046875,-0.02104240608296332,-2.104240608296332
2022-08-23,390.87451171875,-0.002422233694772243,-0.2422233694772243
2022-08-24,392.125732421875,0.0031959677599266516,0.31959677599266517
2022-08-25,397.6616516113281,0.014018987809943182,1.4018987809943182
2022-08-26,384.20111083984375,-0.0344353805101023,-3.44353805101023
2022-08-29,381.6607666015625,-0.0066339731215997915,-0.6633973121599791
2022-08-30,377.47088623046875,-0.0110387253681947,-1.10387253681947
2022-08-31,374.5987548828125,-0.00763797700017089,-0.763797700017089
2022-09-01,375.774169921875,0.0031328848938857153,0.3132884893885715
2022-09-02,371.8118591308594,-0.01060037972903719,-1.060037972903719
2022-09-06,370.4090270996094,-0.003780097617065337,-0.37800976170653366
2022-09-07,377.0633239746094,0.017805267751061792,1.7805267751061793
2022-09-08,379.5279541015625,0.006515113024207101,0.6515113024207101
2022-09-09,385.4239501953125,0.015415643314450406,1.5415643314450407
2022-09-12,389.5663757324219,0.010690365671667135,1.0690365671667135
2022-09-13,372.6271057128906,-0.04445606044922183,-4.445606044922183
2022-09-14,374.0489807128906,0.0038085503059402384,0.3808550305940238
2022-09-15,369.8022766113281,-0.011418278046993057,-1.1418278046993058
2022-09-16,366.9810485839844,-0.0076582672799030815,-0.7658267279903082
2022-09-19,369.8269958496094,0.0077251095188756455,0.7725109518875646
2022-09-20,365.5819396972656,-0.011544878222063754,-1.1544878222063755
2022-09-21,359.20477294921875,-0.01759781522201354,-1.759781522201354
2022-09-22,356.18756103515625,-0.008435175108285163,-0.8435175108285163
2022-09-23,350.21966552734375,-0.01689687554457452,-1.689687554457452
2022-09-26,346.75506591796875,-0.009941904606266396,-0.9941904606266396
2022-09-27,345.869873046875,-0.002556053942732084,-0.25560539427320844
2022-09-28,352.6753234863281,0.01948525533804309,1.948525533804309
2022-09-29,345.30828857421875,-0.021110262108852987,-2.111026210885299
2022-09-30,339.9685974121094,-0.015584355295548741,-1.5584355295548742
2022-10-03,348.9442138671875,0.026058810980902253,2.6058810980902254
2022-10-04,359.7568054199219,0.030516198896649388,3.0516198896649387
2022-10-05,358.919189453125,-0.00233099853631294,-0.233099853631294
2022-10-06,355.2166748046875,-0.010369309284170488,-1.0369309284170487
2022-10-07,345.30828857421875,-0.028290346761519557,-2.829034676151956
2022-10-10,342.6717529296875,-0.007664607670774157,-0.7664607670774157
2022-10-11,340.50164794921875,-0.006353035046882885,-0.6353035046882884
2022-10-12,339.37847900390625,-0.0033040235257606717,-0.33040235257606715
2022-10-13,348.3350524902344,0.026048869253065786,2.6048869253065785
2022-10-14,340.3969421386719,-0.023052397579802555,-2.3052397579802557
2022-10-17,349.14410400390625,0.025372328918263222,2.537232891826322
2022-10-18,353.2464294433594,0.011681171344924482,1.1681171344924481
2022-10-19,350.7431640625,-0.007111684474837293,-0.7111684474837293
2022-10-20,347.80206298828125,-0.008420695867068853,-0.8420695867068853
2022-10-21,356.25421142578125,0.024011019620274077,2.4011019620274077
2022-10-24,360.61346435546875,0.012162095769256892,1.216209576925689
2022-10-25,366.3719482421875,0.01584242056639753,1.5842420566397528
2022-10-26,363.61163330078125,-0.00756271282656552,-0.756271282656552
2022-10-27,361.6700134277344,-0.005354125587255166,-0.5354125587255166
2022-10-28,370.2743225097656,0.023511912135710383,2.351191213571038
2022-10-31,367.59979248046875,-0.00724931716059475,-0.724931716059475
2022-11-01,365.9912414550781,-0.0043854232915661664,-0.4385423291566166
2022-11-02,356.8061828613281,-0.025416673461487068,-2.541667346148707
2022-11-03,353.1321716308594,-0.010350318465313948,-1.0350318465313948
2022-11-04,358.2149353027344,0.01429077344894578,1.429077344894578
2022-11-07,361.64141845703125,0.009519979965115676,0.9519979965115676
2022-11-08,363.5926818847656,0.005381071119516268,0.5381071119516267
2022-11-09,356.1018371582031,-0.020817485893212147,-2.0817485893212146
2022-11-10,375.6711730957031,0.053497471739928866,5.349747173992887
2022-11-11,379.3070983886719,0.009631941845989795,0.9631941845989795
2022-11-14,376.0804138183594,-0.00854317590200907,-0.854317590200907
2022-11-15,379.28802490234375,0.008492889561518403,0.8492889561518403
2022-11-16,376.39453125,-0.007657998109130784,-0.7657998109130785
2022-11-17,375.2428283691406,-0.0030645197912283683,-0.30645197912283684
2022-11-18,376.9466247558594,0.004530239804792202,0.45302398047922016
2022-11-21,375.575927734375,-0.003642943411673195,-0.3642943411673195
2022-11-22,380.6300048828125,0.013367132378943441,1.336713237894344
2022-11-23,383.0286865234375,0.006282098419698814,0.6282098419698814
2022-11-25,382.9429931640625,-0.0002237507260516373,-0.022375072605163727
2022-11-28,376.8323669433594,-0.016085696644502243,-1.6085696644502243
2022-11-29,376.1851501464844,-0.0017189957512555914,-0.17189957512555915
2022-11-30,388.0351867675781,0.0310145802637035,3.10145802637035
2022-12-01,387.7496643066406,-0.0007360867473347606,-0.07360867473347607
2022-12-02,387.30224609375,-0.0011545504412980548,-0.11545504412980548
2022-12-05,380.33502197265625,-0.018152884790919758,-1.8152884790919759
2022-12-06,374.8525695800781,-0.014519700196058615,-1.4519700196058616
2022-12-07,374.21484375,-0.0017027198695521676,-0.17027198695521675
2022-12-08,377.14642333984375,0.007803421854138225,0.7803421854138225
2022-12-09,374.3290710449219,-0.007498223204998537,-0.7498223204998538
2022-12-12,379.72589111328125,0.01431437359388612,1.431437359388612
2022-12-13,382.600341796875,0.007541297104225066,0.7541297104225065
2022-12-14,380.1541748046875,-0.006414056751526715,-0.6414056751526714
2022-12-15,370.8549499511719,-0.024765877930738815,-2.4765877930738815
2022-12-16,366.47662353515625,-0.011876279371343291,-1.187627937134329
2022-12-19,363.3690185546875,-0.008515838367443674,-0.8515838367443674
2022-12-20,363.8662414550781,0.0013674336358846738,0.1367433635884674
2022-12-21,369.306884765625,0.01484163285583286,1.484163285583286
2022-12-22,364.038330078125,-0.014368799924201349,-1.436879992420135
2022-12-23,366.13238525390625,0.005735811839417483,0.5735811839417483
2022-12-27,364.6885070800781,-0.003951392379828127,-0.3951392379828127
2022-12-28,360.15631103515625,-0.0125054494311964,-1.25054494311964
2022-12-29,366.6391906738281,0.01784009825104205,1.7840098251042051
2022-12-30,365.6733703613281,-0.0026377285434467605,-0.26377285434467607
2023-01-03,364.1339416503906,-0.00421873272243592,-0.42187327224359206
2023-01-04,366.9451599121094,0.007690637337875662,0.7690637337875662
2023-01-05,362.7570495605469,-0.01147908362017122,-1.147908362017122
2023-01-06,371.07586669921875,0.022673208915909415,2.2673208915909413
2023-01-09,370.8655090332031,-0.0005670466118553759,-0.05670466118553759
2023-01-10,373.4662780761719,0.006988226680938349,0.698822668093835
2023-01-11,378.1898498535156,0.012568603603343385,1.2568603603343385
2023-01-12,379.5667724609375,0.003634212047374991,0.3634212047374991
2023-01-13,381.039306640625,0.003872006968879931,0.3872006968879931
2023-01-17,380.34124755859375,-0.0018336672082670477,-0.18336672082670477
2023-01-18,374.33642578125,-0.015913942382251522,-1.5913942382251522
2023-01-19,371.611328125,-0.007306436047355029,-0.7306436047355029
2023-01-20,378.5340881347656,0.018457638741242184,1.8457638741242184
2023-01-23,383.075927734375,0.011927084325548124,1.1927084325548125
2023-01-24,382.66473388671875,-0.0010739768900589215,-0.10739768900589214
2023-01-25,382.8082580566406,0.00037499473688657663,0.037499473688657664
2023-01-26,387.01544189453125,0.010930361653139197,1.0930361653139198
2023-01-27,387.9046325683594,0.0022949232918008833,0.22949232918008833
2023-01-30,383.0376281738281,-0.012626286822290085,-1.2626286822290085
2023-01-31,388.6696472167969,0.014596516627271463,1.4596516627271463
2023-02-01,392.80029296875,0.010571575460380588,1.0571575460380587
2023-02-02,398.5183410644531,0.014452200099826522,1.4452200099826522
2023-02-03,394.282470703125,-0.0106859392825191,-1.0685939282519101
2023-02-06,391.872802734375,-0.006130278830413953,-0.6130278830413953
2023-02-07,396.99798583984375,0.01299390290899595,1.299390290899595
2023-02-08,392.6569519042969,-0.010994872467090803,-1.0994872467090804
2023-02-09,389.2528991699219,-0.008707075977298816,-0.8707075977298816
2023-02-10,390.16131591796875,0.002331025382393029,0.2331025382393029
2023-02-13,394.7414245605469,0.011670645016248819,1.167064501624882
2023-02-14,394.5597839355469,-0.000460256810077835,-0.046025681007783495
2023-02-15,395.84100341796875,0.0032419517416551955,0.3241951741655196
2023-02-16,390.3907775878906,-0.013864392830802034,-1.3864392830802035
2023-02-17,389.4154357910156,-0.002501499189776269,-0.2501499189776269
2023-02-21,381.60345458984375,-0.020264739646746934,-2.026473964674693
2023-02-22,381.0775451660156,-0.0013791074049317718,-0.13791074049317717
2023-02-23,383.10467529296875,0.0053053704403866015,0.5305370440386602
2023-02-24,379.0121765136719,-0.010739922906260212,-1.073992290626021
2023-02-27,380.30303955078125,0.003400074839500475,0.3400074839500475
2023-02-28,378.8974304199219,-0.003702871092713139,-0.3702871092713139
2023-03-01,377.4439697265625,-0.0038434032098654666,-0.38434032098654664
2023-03-02,380.3795166015625,0.00774734911472019,0.774734911472019
2023-03-03,386.47998046875,0.01591058748751322,1.5910587487513221
2023-03-06,386.7476806640625,0.0006924227351516572,0.06924227351516571
2023-03-07,380.8193664550781,-0.015447333533533971,-1.5447333533533971
2023-03-08,381.44091796875,0.0016308121100537649,0.16308121100537648
2023-03-09,374.4033508300781,-0.018622276591522307,-1.8622276591522307
2023-03-10,369.0009460449219,-0.01453448658543187,-1.4534486585431872
2023-03-13,368.47503662109375,-0.0014262417362415594,-0.14262417362415594
2023-03-14,374.56591796875,0.016394837297828223,1.6394837297828222
2023-03-15,372.2232360839844,-0.006274032119301279,-0.6274032119301278
2023-03-16,378.7540283203125,0.017393221309324414,1.7393221309324414
2023-03-17,374.3253173828125,-0.01176174069245226,-1.176174069245226
2023-03-20,377.9246826171875,0.009569671526946445,0.9569671526946445
2023-03-21,382.8870849609375,0.013045204948384447,1.3045204948384448
2023-03-22,376.3601989746094,-0.017193467559073795,-1.7193467559073794
2023-03-23,377.37762451171875,0.0026996818345765717,0.26996818345765716
2023-03-24,379.85400390625,0.00654063599528875,0.654063599528875
2023-03-27,380.564208984375,0.0018679333887276252,0.1867933388727625
2023-03-28,379.7099914550781,-0.0022471310699684077,-0.22471310699684077
2023-03-29,385.22906494140625,0.014430350266129955,1.4430350266129954
2023-03-30,387.48468017578125,0.005838181746843939,0.5838181746843939
2023-03-31,392.94610595703125,0.013996154514385637,1.3996154514385637
2023-04-03,394.4434509277344,0.003803318859296641,0.3803318859296641
2023-04-04,392.2550354003906,-0.005563557602410656,-0.5563557602410656
2023-04-05,391.22802734375,-0.00262164861934831,-0.262164861934831
2023-04-06,392.7541809082031,0.0038933421605478746,0.38933421605478746
2023-04-10,393.1572570800781,0.0010257547803322854,0.10257547803322854
2023-04-11,393.2628173828125,0.00026845780466741006,0.026845780466741007
2023-04-12,391.659912109375,-0.004084242795850881,-0.4084242795850881
2023-04-13,396.8622131347656,0.01319525817163583,1.319525817163583
2023-04-14,395.89276123046875,-0.0024457806482568825,-0.24457806482568825
2023-04-17,397.3133239746094,0.003581828958188111,0.3581828958188111
2023-04-18,397.5724792480469,0.0006520566390017479,0.06520566390017479
2023-04-19,397.50531005859375,-0.00016896256068606313,-0.016896256068606313
2023-04-20,395.33612060546875,-0.0054719513430071965,-0.5471951343007196
2023-04-21,395.64324951171875,0.0007765788420996719,0.07765788420996719
2023-04-24,396.0559997558594,0.0010426946392030837,0.10426946392030838
2023-04-25,389.76910400390625,-0.01600109199884634,-1.6001091998846342
2023-04-26,388.11810302734375,-0.004244840230584695,-0.4244840230584695
2023-04-27,395.84478759765625,0.01971250135883601,1.971250135883601
2023-04-28,399.2234191894531,0.008499024109975543,0.8499024109975544
2023-05-01,398.8203125,-0.0010102371780635459,-0.1010237178063546
2023-05-02,394.3378601074219,-0.011302916036002792,-1.1302916036002792
2023-05-03,391.63116455078125,-0.006887564705113946,-0.6887564705113947
2023-05-04,388.85723876953125,-0.007108209293569847,-0.7108209293569847
2023-05-05,396.0559997558594,0.018343333973369673,1.8343333973369673
2023-05-08,396.1615295410156,0.0002664161846409306,0.026641618464093058
2023-05-09,394.4242858886719,-0.004394833336526197,-0.43948333365261977
2023-05-10,396.2671203613281,0.004661332587784906,0.46613325877849054
2023-05-11,395.5760803222656,-0.0017453965984641942,-0.17453965984641942
2023-05-12,395.0577087402344,-0.0013112813124834285,-0.13112813124834286
2023-05-15,396.4206848144531,0.0034441304592102012,0.3444130459210201
2023-05-16,393.7716064453125,-0.006704920619338705,-0.6704920619338705
2023-05-17,398.5515441894531,0.012065773238938184,1.2065773238938184
2023-05-18,402.3908996582031,0.009587167981102016,0.9587167981102016
2023-05-19,401.8053894042969,-0.0014561379238529398,-0.14561379238529398
2023-05-22,401.9685363769531,0.00040595239448249415,0.040595239448249415
2023-05-23,397.45733642578125,-0.011286219249246277,-1.1286219249246277
2023-05-24,394.5777893066406,-0.007271293185842878,-0.7271293185842879
2023-05-25,397.9948425292969,0.008622741329540622,0.8622741329540622
2023-05-26,403.14910888671875,0.012867444020727295,1.2867444020727294
2023-05-30,403.3027648925781,0.0003810667758727218,0.03810667758727218
2023-05-31,401.06634521484375,-0.005560694493072633,-0.5560694493072633
2023-06-01,404.8768005371094,0.009455961589920564,0.9455961589920564
2023-06-02,410.7318115234375,0.014357650176239205,1.4357650176239205
2023-06-05,409.9447937011719,-0.0019179736781019172,-0.19179736781019172
2023-06-06,410.8373718261719,0.00217494608031612,0.21749460803161202
2023-06-07,409.41680908203125,-0.0034637169732307923,-0.3463716973230792
2023-06-08,411.89324951171875,0.0060304824195725835,0.6030482419572584
2023-06-09,412.6322326660156,0.0017925057942721942,0.17925057942721942
2023-06-12,416.3755798339844,0.009030970645352267,0.9030970645352268
2023-06-13,419.1207580566406,0.006571394695480692,0.6571394695480691
2023-06-14,419.619873046875,0.001190153500713623,0.1190153500713623
2023-06-15,424.82220458984375,0.012321501967952312,1.2321501967952313
2023-06-16,423.3751220703125,-0.0034121397888021206,-0.34121397888021204
2023-06-20,421.17864990234375,-0.005201509230356032,-0.5201509230356032
2023-06-21,419.0205993652344,-0.005137008357708874,-0.5137008357708874
2023-06-22,420.5330810546875,0.003603065202356843,0.3603065202356843
2023-06-23,417.3538818359375,-0.007588647673026114,-0.7588647673026113
2023-06-26,415.648681640625,-0.0040941112354796,-0.40941112354796005
2023-06-27,420.2055969238281,0.010903719818239609,1.090371981823961
2023-06-28,420.4176025390625,0.0005044010678379432,0.05044010678379432
2023-06-29,422.0745544433594,0.003933458672441035,0.39334586724410353
2023-06-30,427.05535888671875,0.01173168320113288,1.1731683201132879
2023-07-03,427.5467224121094,0.0011499236669046888,0.11499236669046888
2023-07-05,426.91082763671875,-0.0014884177517078632,-0.1488417751707863
2023-07-06,423.5678405761719,-0.007861465319692935,-0.7861465319692935
2023-07-07,422.4983825683594,-0.0025280729761950798,-0.252807297619508
2023-07-10,423.5678405761719,0.0025280729761952246,0.2528072976195225
2023-07-11,426.2653503417969,0.00634834895583935,0.634834895583935
2023-07-12,429.6950378417969,0.008013702273391704,0.8013702273391704
2023-07-13,433.1054992675781,0.007905602839790625,0.7905602839790625
2023-07-14,432.8357238769531,-0.0006230801632776656,-0.062308016327766565
2023-07-17,434.338623046875,0.0034662018773387706,0.34662018773387704
2023-07-18,437.5660705566406,0.0074032455021057885,0.7403245502105789
2023-07-19,438.53900146484375,0.0022210379536203658,0.2221037953620366
2023-07-20,435.62957763671875,-0.006656461099951343,-0.6656461099951343
2023-07-21,435.62957763671875,0.0,0.0
2023-07-24,437.5757141113281,0.004457461985880865,0.4457461985880865
2023-07-25,438.7702941894531,0.00272627662295765,0.272627662295765
2023-07-26,438.83770751953125,0.00015362970729398016,0.015362970729398016
2023-07-27,435.9282531738281,-0.006651985113222149,-0.6651985113222149
2023-07-28,440.1961364746094,0.009742719436458902,0.9742719436458902
2023-07-31,441.0343017578125,0.0019022618819954107,0.19022618819954107
2023-08-01,439.7721252441406,-0.002865958600911046,-0.2865958600911046
2023-08-02,433.6546325683594,-0.014008255775679594,-1.4008255775679594
2023-08-03,432.4118347167969,-0.002869984583321383,-0.2869984583321383
2023-08-04,430.4561462402344,-0.004533003584633243,-0.4533003584633243
2023-08-07,434.2133483886719,0.00869054781932798,0.8690547819327981
2023-08-08,432.32513427734375,-0.004358068655073096,-0.4358068655073096
2023-08-09,429.4349060058594,-0.006707758478666694,-0.6707758478666694
2023-08-10,429.58905029296875,0.00035888239817656907,0.03588823981765691
2023-08-11,429.3385314941406,-0.0005833292846658898,-0.058332928466588975
2023-08-14,431.70855712890625,0.005504998858674097,0.5504998858674097
2023-08-15,426.6795654296875,-0.011717425034554942,-1.1717425034554942
2023-08-16,423.5485534667969,-0.0073651436522924035,-0.7365143652292403
2023-08-17,420.3211975097656,-0.007648980635929506,-0.7648980635929505
2023-08-18,420.5234069824219,0.00048096753068063583,0.04809675306806358
2023-08-21,423.259521484375,0.006485374377075458,0.6485374377075458
2023-08-22,422.1131286621094,-0.002712161375905497,-0.2712161375905497
2023-08-23,426.8145446777344,0.011076241777819264,1.1076241777819265
2023-08-24,420.8992614746094,-0.013956076144741177,-1.3956076144741176
2023-08-25,423.8664245605469,0.007024848042629462,0.7024848042629461
2023-08-28,426.5543518066406,0.0063214264554182125,0.6321426455418212
2023-08-29,432.7200927734375,0.01435128631997385,1.435128631997385
2023-08-30,434.5024108886719,0.0041104113814718676,0.41104113814718674
2023-08-31,433.8666076660156,-0.001464362091890802,-0.14643620918908018
2023-09-01,434.67572021484375,0.0018631510679748763,0.18631510679748764
2023-09-05,432.7972106933594,-0.00433099959873319,-0.433099959873319
2023-09-06,429.8877258300781,-0.006745210844362565,-0.6745210844362565
2023-09-07,428.5678405761719,-0.0030750253026536525,-0.3075025302653652
2023-09-08,429.2133483886719,0.0015050643279561106,0.15050643279561104
2023-09-11,432.0361022949219,0.0065550439805438145,0.6555043980543814
2023-09-12,429.6661682128906,-0.005500600703176778,-0.5500600703176778
2023-09-13,430.1671142578125,0.0011652168200830288,0.11652168200830287
2023-09-14,433.876220703125,0.008585516671979187,0.8585516671979188
2023-09-15,428.64874267578125,-0.012121485766631659,-1.2121485766631659
2023-09-18,428.9001159667969,0.0005862600029886815,0.05862600029886815
2023-09-19,428.0105895996094,-0.002076124573818821,-0.2076124573818821
2023-09-20,424.0757751464844,-0.009235783098415539,-0.9235783098415539
2023-09-21,417.0664978027344,-0.016666477994356898,-1.6666477994356899
2023-09-22,416.1286926269531,-0.002251106541609755,-0.2251106541609755
2023-09-25,417.878662109375,0.004196538653285988,0.41965386532859883
2023-09-26,411.73944091796875,-0.014800384021661183,-1.4800384021661184
2023-09-27,411.9038391113281,0.00039919756411226835,0.03991975641122684
2023-09-28,414.2917785644531,0.005780582834081969,0.5780582834081969
2023-09-29,413.2862548828125,-0.002430040759447792,-0.2430040759447792
2023-10-02,413.1219787597656,-0.00039756652589626075,-0.039756652589626074
2023-10-03,407.59185791015625,-0.013476571978483669,-1.347657197848367
2023-10-04,410.55999755859375,0.007255750018255938,0.7255750018255938
2023-10-05,410.4052429199219,-0.0003770065597775598,-0.03770065597775598
2023-10-06,415.27789306640625,0.011802849059819258,1.1802849059819258
2023-10-09,417.9366149902344,0.006381864266304671,0.6381864266304671
2023-10-10,420.1119384765625,0.005191413702420609,0.519141370242061
2023-10-11,421.83282470703125,0.0040878896150282965,0.4087889615028296
2023-10-12,419.2611083984375,-0.00611518933044803,-0.611518933044803
2023-10-13,417.1728210449219,-0.0049933213347466456,-0.49933213347466454
2023-10-16,421.5621032714844,0.010466530411664704,1.0466530411664703
2023-10-17,421.54278564453125,-4.582496723823939e-05,-0.004582496723823939
2023-10-18,415.9256896972656,-0.013414666574261448,-1.3414666574261447
2023-10-19,412.2711486816406,-0.008825353023097011,-0.8825353023097011
2023-10-20,407.20513916015625,-0.012364174862441185,-1.2364174862441184
2023-10-23,406.4993896484375,-0.0017346583770919913,-0.17346583770919913
2023-10-24,409.5641174316406,0.007511038454311864,0.7511038454311865
2023-10-25,403.68597412109375,-0.014456182027400663,-1.4456182027400664
2023-10-26,398.85198974609375,-0.012046888881326401,-1.20468888813264
2023-10-27,397.04412841796875,-0.004542965837289336,-0.4542965837289336
2023-10-30,401.7910461425781,0.011884738553441895,1.1884738553441896
2023-10-31,404.3144836425781,0.006260832234906141,0.6260832234906141
2023-11-01,408.6263427734375,0.010608151112999183,1.0608151112999182
2023-11-02,416.45745849609375,0.01898316480812128,1.8983164808121278
2023-11-03,420.25689697265625,0.00908186782407357,0.9081867824073571
2023-11-06,421.22369384765625,0.0022978481285151394,0.22978481285151395
2023-11-07,422.4225769042969,0.0028421481970178856,0.2842148197017886
2023-11-08,422.73193359375,0.0007320713536437399,0.07320713536437398
2023-11-09,419.43511962890625,-0.007829398676411371,-0.7829398676411371
2023-11-10,425.9803466796875,0.015484357898932283,1.5484357898932284
2023-11-13,425.5742492675781,-0.0009537789939187649,-0.09537789939187649
2023-11-14,433.830810546875,0.01921518898793931,1.9215188987939311
2023-11-15,434.7491455078125,0.002114567108583223,0.2114567108583223
2023-11-16,435.2809753417969,0.001222555144886774,0.1222555144886774
2023-11-17,435.8223876953125,0.0012430497830764875,0.12430497830764875
2023-11-20,439.1771545410156,0.007668080089087327,0.7668080089087327
2023-11-21,438.21990966796875,-0.0021820115245328293,-0.21820115245328292
2023-11-22,439.9118957519531,0.0038536086893010287,0.38536086893010285
2023-11-24,440.18255615234375,0.0006150712763562981,0.06150712763562981
2023-11-27,439.38983154296875,-0.0018025232149186685,-0.18025232149186685
2023-11-28,439.82489013671875,0.0009896527401799893,0.09896527401799893
2023-11-29,439.5155334472656,-0.0007036107835347673,-0.07036107835347673
2023-11-30,441.24603271484375,0.003929557239648151,0.39295572396481515
2023-12-01,443.8564453125,0.005898571591790132,0.5898571591790132
2023-12-04,441.5264587402344,-0.005263241339572857,-0.5263241339572857
2023-12-05,441.4394226074219,-0.00019714495187870317,-0.01971449518787032
2023-12-06,439.6605224609375,-0.00403791323216619,-0.403791323216619
2023-12-07,443.0152893066406,0.007601393296371962,0.7601393296371962
2023-12-08,444.91998291015625,0.004290169755666185,0.4290169755666185
2023-12-11,446.650390625,0.003881712400901704,0.3881712400901704
2023-12-12,448.6904296875,0.004557019062631744,0.4557019062631744
2023-12-13,454.8778991699219,0.013695845688702479,1.369584568870248
2023-12-14,456.3377990722656,0.003204293240966136,0.32042932409661357
2023-12-15,455.58636474609375,-0.0016480197061523505,-0.16480197061523505
2023-12-18,458.1491394042969,0.005609459994911084,0.5609459994911083
2023-12-19,460.93505859375,0.006062399349302928,0.6062399349302928
2023-12-20,454.54779052734375,-0.013954104579225074,-1.3954104579225075
2023-12-21,458.85772705078125,0.009437141394985027,0.9437141394985027
2023-12-22,459.7798767089844,0.0020076468983354413,0.20076468983354412
2023-12-26,461.7214050292969,0.004213843717159928,0.4213843717159928
2023-12-27,462.55621337890625,0.0018064022323759624,0.18064022323759624
2023-12-28,462.7308654785156,0.0003775090037985426,0.037750900379854256
2023-12-29,461.3913269042969,-0.002899052795052589,-0.2899052795052589
2024-01-02,458.8092346191406,-0.005612035397547732,-0.5612035397547732
2024-01-03,455.06219482421875,-0.008200411288051547,-0.8200411288051548
2024-01-04,453.5964660644531,-0.0032261400108260538,-0.32261400108260535
2024-01-05,454.2178039550781,0.0013688658752482531,0.13688658752482533
2024-01-08,460.7021179199219,0.014174841714098753,1.4174841714098754
2024-01-09,460.0032043457031,-0.001518213681543528,-0.1518213681543528
2024-01-10,462.604736328125,0.005639532812858045,0.5639532812858045
2024-01-11,462.40087890625,-0.0004407701354845292,-0.04407701354845292
2024-01-12,462.7211608886719,0.0006924102581946785,0.06924102581946785
2024-01-16,461.0224304199219,-0.0036779305418758374,-0.36779305418758373
2024-01-17,458.4597473144531,-0.005574202095711588,-0.5574202095711588
2024-01-18,462.5367736816406,0.008853568728902392,0.8853568728902392
2024-01-19,468.3028259277344,0.012389086155502233,1.2389086155502234
2024-01-22,469.2929992675781,0.0021121546861637966,0.21121546861637966
2024-01-23,470.6616516113281,0.0029121688152380612,0.29121688152380615
2024-01-24,471.1761779785156,0.0010926008750302867,0.10926008750302867
2024-01-25,473.73883056640625,0.0054241044912557365,0.5424104491255737
2024-01-26,473.13702392578125,-0.0012711417633118965,-0.12711417633118965
2024-01-29,476.8839416503906,0.007888114660332537,0.7888114660332537
2024-01-30,476.51513671875,-0.0007736633240034842,-0.07736633240034842
2024-01-31,468.73968505859375,-0.016451917216719614,-1.6451917216719614
2024-02-01,474.8746032714844,0.01300320423549198,1.3003204235491979
2024-02-02,479.8738098144531,0.010472397049117302,1.0472397049117301
2024-02-05,478.1264953613281,-0.00364784098976414,-0.364784098976414
2024-02-06,479.51458740234375,0.002898983842984515,0.2898983842984515
2024-02-07,483.5139465332031,0.008305843455090924,0.8305843455090923
2024-02-08,483.7275085449219,0.0004415898720386008,0.044158987203860085
2024-02-09,486.5231628417969,0.005762762379160299,0.5762762379160299
2024-02-12,486.30963134765625,-0.0004389891024339729,-0.04389891024339729
2024-02-13,479.6116638183594,-0.013868779830063311,-1.3868779830063311
2024-02-14,483.9701232910156,0.009046433327972845,0.9046433327972845
2024-02-15,487.3094787597656,0.006876225176432021,0.687622517643202
2024-02-16,484.8826599121094,-0.0049924779100584404,-0.49924779100584404
2024-02-20,482.21319580078125,-0.005520592142574142,-0.5520592142574142
2024-02-21,482.6500244140625,0.0009054726804274735,0.09054726804274735
2024-02-22,492.6387023925781,0.02048424630759626,2.0484246307596257
2024-02-23,492.97845458984375,0.0006894202445964214,0.06894202445964213
2024-02-26,491.1728820800781,-0.003669302612937959,-0.36693026129379586
2024-02-27,492.08538818359375,0.001856086835131645,0.18560868351316448
2024-02-28,491.4350280761719,-0.0013225148994620436,-0.13225148994620436
2024-02-29,493.2016906738281,0.003588459499420105,0.3588459499420105
2024-03-01,497.8320007324219,0.00934447293084189,0.934447293084189
2024-03-04,497.298095703125,-0.0010730357416336405,-0.10730357416336406
2024-03-05,492.32806396484375,-0.010044345482853647,-1.0044345482853647
2024-03-06,494.8227844238281,0.005054396243674249,0.505439624367425
2024-03-07,499.7345886230469,0.009877447529646564,0.9877447529646564
2024-03-08,496.735107421875,-0.006020233775915945,-0.6020233775915945
2024-03-11,496.30804443359375,-0.0008601096816615597,-0.08601096816615597
2024-03-12,501.64691162109375,0.010699717636682442,1.0699717636682442
2024-03-13,500.86065673828125,-0.0015685767745571334,-0.15685767745571333
2024-03-14,499.8705749511719,-0.001978717319491776,-0.1978717319491776
2024-03-15,496.43817138671875,-0.006890268015276047,-0.6890268015276046
2024-03-18,499.38848876953125,0.005925380657141394,0.5925380657141395
2024-03-19,502.1636962890625,0.005541827302811374,0.5541827302811374
2024-03-20,506.80841064453125,0.009206889136586844,0.9206889136586843
2024-03-21,508.48309326171875,0.003298922781341967,0.3298922781341967
2024-03-22,507.5191955566406,-0.0018974327221026402,-0.18974327221026402
2024-03-25,506.1170349121094,-0.0027665971217987768,-0.27665971217987767
2024-03-26,505.1822204589844,-0.0018487400527864592,-0.18487400527864592
2024-03-27,509.4277648925781,0.008368869366498036,0.8368869366498036
2024-03-28,509.3304138183594,-0.0001911171395713036,-0.01911171395713036
2024-04-01,508.4442443847656,-0.001741386760592588,-0.17413867605925878
2024-04-02,505.21148681640625,-0.006378434865184648,-0.6378434865184648
2024-04-03,505.7664794921875,0.0010979323981891338,0.10979323981891338
2024-04-04,499.593017578125,-0.012281257653135605,-1.2281257653135604
2024-04-05,504.8121643066406,0.010392606086880196,1.0392606086880196
2024-04-08,505.0945739746094,0.0005592787227276708,0.055927872272767076
2024-04-09,505.6788330078125,0.0011560634544559975,0.11560634544559975
2024-04-10,500.615478515625,-0.01006345194625137,-1.006345194625137
2024-04-11,504.3934631347656,0.0075183458745484025,0.7518345874548402
2024-04-12,497.43133544921875,-0.013899116445977145,-1.3899116445977144
2024-04-15,491.1994934082031,-0.012607182378261774,-1.2607182378261774
2024-04-16,490.3035888671875,-0.0018255771296329423,-0.18255771296329423
2024-04-17,487.4018859863281,-0.005935757700413069,-0.5935757700413069
2024-04-18,486.39892578125,-0.002059888526688224,-0.20598885266882241
2024-04-19,482.1534729003906,-0.00876665026417122,-0.8766650264171221
2024-04-22,486.5937194824219,0.009167051448542955,0.9167051448542956
2024-04-23,492.3679504394531,0.011796780401231726,1.1796780401231726
2024-04-24,492.13427734375,-0.00047470303976324417,-0.047470303976324416
2024-04-25,490.2646789550781,-0.003806194283441744,-0.3806194283441744
2024-04-26,494.90936279296875,0.009429233931113598,0.9429233931113599
2024-04-29,496.6620788574219,0.003535232694823003,0.3535232694823003
2024-04-30,488.79437255859375,-0.015967978006631474,-1.5967978006631474
2024-05-01,487.2071838378906,-0.003252433583636344,-0.3252433583636344
2024-05-02,491.7641906738281,0.009309852910502436,0.9309852910502436
2024-05-03,497.85980224609375,0.012319201446675981,1.231920144667598
2024-05-06,503.0010986328125,0.01027383846219407,1.027383846219407
2024-05-07,503.55609130859375,0.0011027544933754111,0.11027544933754112
2024-05-08,503.60479736328125,9.671951179452757e-05,0.009671951179452756
2024-05-09,506.50653076171875,0.00574538924512986,0.574538924512986
2024-05-10,507.1589660644531,0.0012872794721185815,0.12872794721185815
2024-05-13,507.22711181640625,0.0001343586106741516,0.01343586106741516
2024-05-14,509.5543518066406,0.004577668137048924,0.4577668137048924
2024-05-15,515.8640747070312,0.012306785941566712,1.2306785941566711
2024-05-16,514.802734375,-0.002059522433108735,-0.2059522433108735
2024-05-17,515.5426635742188,0.0014362743365293582,0.14362743365293582
2024-05-20,516.13671875,0.0011516276308600308,0.11516276308600308
2024-05-21,517.4026489257812,0.00244970022129263,0.244970022129263
2024-05-22,515.9129028320312,-0.0028834311520485284,-0.28834311520485284
2024-05-23,512.1444702148438,-0.007331204647385969,-0.7331204647385968
2024-05-24,515.5330200195312,0.006594602133845969,0.6594602133845969
2024-05-28,515.893310546875,0.0006986258374848982,0.06986258374848982
2024-05-29,512.2806396484375,-0.007027382409591512,-0.7027382409591512
2024-05-30,508.88238525390625,-0.00665567956599888,-0.665567956599888
2024-05-31,513.5173950195312,0.009066984576428747,0.9066984576428747
2024-06-03,513.93603515625,0.0008149082918814593,0.08149082918814593
2024-06-04,514.5105590820312,0.0011172655707431993,0.11172655707431993
2024-06-05,520.6256103515625,0.011815107203701696,1.1815107203701696
2024-06-06,520.615966796875,-1.8523184051498192e-05,-0.0018523184051498192
2024-06-07,519.9829711914062,-0.0012165987498850377,-0.12165987498850377
2024-06-10,521.589599609375,0.0030850076840254494,0.3085007684025449
2024-06-11,522.8458251953125,0.0024055602900635792,0.24055602900635792
2024-06-12,527.1399536132812,0.008179448608894144,0.8179448608894144
2024-06-13,528.2012329101562,0.0020112541198611792,0.2011254119861179
2024-06-14,528.5226440429688,0.0006083162304435974,0.06083162304435974
2024-06-17,532.7290649414062,0.007927323727802357,0.7927323727802357
2024-06-18,534.0826416015625,0.0025376125481467527,0.25376125481467526
2024-06-20,532.6317749023438,-0.002720254965052706,-0.2720254965052706
2024-06-21,531.917724609375,-0.001341507182864606,-0.1341507182864606
2024-06-24,530.1886596679688,-0.0032559195472098785,-0.32559195472098784
2024-06-25,532.2302856445312,0.0038433585897731277,0.38433585897731276
2024-06-26,532.8945922851562,0.001247378106597345,0.12473781065973451
2024-06-27,533.7345581054688,0.0015749916334834248,0.15749916334834246
2024-06-28,531.63427734375,-0.003942828835853001,-0.3942828835853001
2024-07-01,532.728515625,0.0020561385159051596,0.20561385159051596
2024-07-02,536.313720703125,0.006707346814495873,0.6707346814495873
2024-07-03,538.7069702148438,0.00445247888844892,0.44524788884489197
2024-07-05,541.8134155273438,0.0057499218194441495,0.5749921819444149
2024-07-08,542.4386596679688,0.0011533189084609971,0.11533189084609971
2024-07-09,542.9661254882812,0.0009719247032038236,0.09719247032038236
2024-07-10,548.3389282226562,0.009846643936390637,0.9846643936390638
2024-07-11,543.6109008789062,-0.008659842723666648,-0.8659842723666649
2024-07-12,547.0396728515625,0.006287592655747127,0.6287592655747126
2024-07-15,548.544189453125,0.0027465127939237527,0.27465127939237527
2024-07-16,551.7969970703125,0.005912379055716771,0.5912379055716771
2024-07-17,544.0602416992188,-0.014120240564024377,-1.4120240564024378
2024-07-18,539.879150390625,-0.007714660203140911,-0.7714660203140911
2024-07-19,536.2940063476562,-0.006662788945031607,-0.6662788945031607
2024-07-22,541.8232421875,0.010257296830807425,1.0257296830807425
2024-07-23,540.973388671875,-0.0015697383348141707,-0.15697383348141708
2024-07-24,528.7135009765625,-0.02292338939844813,-2.292338939844813
2024-07-25,525.958740234375,-0.005223930049926091,-0.5223930049926091
2024-07-26,531.849365234375,0.011137532149954435,1.1137532149954434
2024-07-29,532.1619262695312,0.0005875145247850463,0.05875145247850463
2024-07-30,529.4657592773438,-0.0050793189091304725,-0.5079318909130472
2024-07-31,538.072021484375,0.016123923324570313,1.6123923324570313
2024-08-01,530.4523315429688,-0.014262321830854486,-1.4262321830854485
2024-08-02,520.576171875,-0.018793877293572268,-1.8793877293572268
2024-08-05,505.41510009765625,-0.029556148981890663,-2.9556148981890664
2024-08-06,510.0748596191406,0.009177426487773649,0.9177426487773649
2024-08-07,506.6654357910156,-0.00670660270423625,-0.670660270423625
2024-08-08,518.378173828125,0.02285414538728099,2.2854145387280993
2024-08-09,520.6640625,0.004399998921796559,0.4399998921796559
2024-08-12,520.9376220703125,0.0005252671547187688,0.05252671547187688
2024-08-13,529.5047607421875,0.016311848742340495,1.6311848742340496
2024-08-14,531.17529296875,0.003149929334443642,0.3149929334443642
2024-08-15,540.2797241210938,0.016994927720332405,1.6994927720332405
2024-08-16,541.4910888671875,0.0022395968496822147,0.22395968496822147
2024-08-19,546.6685180664062,0.009516008931221401,0.9516008931221401
2024-08-20,545.779541015625,-0.0016274956774618569,-0.16274956774618568
2024-08-21,547.6551513671875,0.0034306798645063366,0.34306798645063363
2024-08-22,543.35693359375,-0.00787936278678819,-0.7879362786788189
2024-08-23,549.1301879882812,0.010569109736273369,1.0569109736273368
2024-08-26,547.8212890625,-0.0023864310762180094,-0.23864310762180094
2024-08-27,548.5733032226562,0.001371794942035593,0.1371794942035593
2024-08-28,545.3888549804688,-0.005821878230153213,-0.5821878230153213
2024-08-29,545.4376220703125,8.941310263763272e-05,0.008941310263763273
2024-08-30,550.6443481445312,0.009500685861501327,0.9500685861501327
2024-09-03,539.3125610351562,-0.020793841146901134,-2.0793841146901135
2024-09-04,538.2088012695312,-0.002048702123771822,-0.20487021237718223
2024-09-05,536.8997192382812,-0.0024352568196338385,-0.24352568196338384
2024-09-06,527.8636474609375,-0.016973327586779302,-1.69733275867793
2024-09-09,533.773681640625,0.01113392506144728,1.113392506144728
2024-09-10,536.0986328125,0.004346228611150365,0.4346228611150365
2024-09-11,541.5984497070312,0.010206698579257474,1.0206698579257474
2024-09-12,546.1605834960938,0.008388182308203372,0.8388182308203371
2024-09-13,549.0130004882812,0.005209080065134027,0.5209080065134027
2024-09-16,549.8238525390625,0.0014758372832571732,0.1475837283257173
2024-09-17,550.0485229492188,0.0004085390601458334,0.04085390601458334
2024-09-18,548.4170532226562,-0.002970454353003045,-0.29704543530030453
2024-09-19,557.775634765625,0.016920749762434777,1.6920749762434777
2024-09-20,556.8113403320312,-0.0017303175000777866,-0.17303175000777865
2024-09-23,558.2027587890625,0.002495787596560366,0.2495787596560366
2024-09-24,559.7999267578125,0.0028571828599997123,0.28571828599997123
2024-09-25,558.5652465820312,-0.0022080098823437215,-0.22080098823437214
2024-09-26,560.7798461914062,0.00395696110747365,0.395696110747365
2024-09-27,559.9664916992188,-0.001451451782586848,-0.1451451782586848
2024-09-30,562.21044921875,0.003999298913751391,0.39992989137513907
2024-10-01,557.1739501953125,-0.00899875505320925,-0.899875505320925
2024-10-02,557.4089965820312,0.00042176563149940696,0.0421765631499407
2024-10-03,556.3899536132812,-0.0018298513442026848,-0.18298513442026848
2024-10-04,561.4461059570312,0.009046383469440271,0.9046383469440271
2024-10-07,556.370361328125,-0.009081597315396567,-0.9081597315396567
2024-10-08,561.6322631835938,0.009413109760801184,0.9413109760801184
2024-10-09,565.5223388671875,0.0069024978854817015,0.6902497885481701
2024-10-10,564.5327758789062,-0.0017513539442529254,-0.17513539442529255
2024-10-11,567.9132690429688,0.005970268023691283,0.5970268023691283
2024-10-14,572.5578002929688,0.008144979827436553,0.8144979827436554
2024-10-15,568.1092529296875,-0.007799944610488982,-0.7799944610488982
2024-10-16,570.5785522460938,0.0043371030688183695,0.433710306881837
2024-10-17,570.62744140625,8.567981671695644e-05,0.008567981671695644
2024-10-18,572.822509765625,0.003839382831854934,0.3839382831854934
2024-10-21,571.8818359375,-0.0016435231392265956,-0.16435231392265956
2024-10-22,571.5780639648438,-0.0005313207395003318,-0.05313207395003318
2024-10-23,566.355224609375,-0.009179582112508515,-0.9179582112508515
2024-10-24,567.580078125,0.0021603595708732425,0.21603595708732426
2024-10-25,567.3841552734375,-0.0003452493880304709,-0.034524938803047085
2024-10-28,569.1381225585938,0.0030865539758335395,0.308655397583354
2024-10-29,570.0592651367188,0.001617178530827376,0.1617178530827376
2024-10-30,568.3346557617188,-0.0030299014474856156,-0.30299014474856156
2024-10-31,557.1935424804688,-0.01979777529280187,-1.979777529280187
2024-11-01,559.5452270507812,0.0042117066421415985,0.42117066421415983
2024-11-04,558.3399047851562,-0.002156433963351231,-0.21564339633512308
2024-11-05,565.0911865234375,0.012019184914768331,1.201918491476833
2024-11-06,579.1426391601562,0.02456169136705787,2.456169136705787
2024-11-07,583.6205444335938,0.007702217397189706,0.7702217397189707
2024-11-08,586.148681640625,0.004322461365743317,0.43224613657433175
2024-11-11,586.7071533203125,0.0009523279933443879,0.09523279933443879
2024-11-12,584.8847045898438,-0.0031110666877388776,-0.31110666877388776
2024-11-13,585.1687622070312,0.0004855463973724527,0.04855463973724527
2024-11-14,581.4061279296875,-0.006450760010016546,-0.6450760010016545
2024-11-15,573.9590454101562,-0.012891483709558976,-1.2891483709558975
2024-11-18,576.310791015625,0.004089038602607004,0.4089038602607004
2024-11-19,578.4175415039062,0.003648915102352666,0.36489151023526656
2024-11-20,578.6134643554688,0.00033866482824203157,0.033866482824203153
2024-11-21,581.7196655273438,0.005353994489823421,0.5353994489823422
2024-11-22,583.522705078125,0.003094705505516888,0.3094705505516888
2024-11-25,585.5020751953125,0.0033863645016213337,0.33863645016213334
2024-11-26,588.5591430664062,0.005207692294964413,0.5207692294964413
2024-11-27,586.7758178710938,-0.003034584391838552,-0.3034584391838552
2024-11-29,590.4208984375,0.006192834494583272,0.6192834494583273
2024-12-02,591.4791870117188,0.0017908262637095261,0.17908262637095262
2024-12-03,591.7534790039062,0.00046363154936286785,0.04636315493628679
2024-12-04,595.4279174804688,0.0061902085405642635,0.6190208540564264
2024-12-05,594.4481201171875,-0.0016468901865001604,-0.16468901865001603
2024-12-06,595.5750122070312,0.0018939000361718997,0.18939000361718997
2024-12-09,592.5079345703125,-0.005163081346124972,-0.5163081346124972
2024-12-10,590.6658935546875,-0.0031137309837367243,-0.31137309837367244
2024-12-11,595.2319946289062,0.007700702875276358,0.7700702875276357
2024-12-12,592.1651000976562,-0.005165755188186189,-0.5165755188186189
2024-12-13,592.0474853515625,-0.00019863789310401795,-0.019863789310401794
2024-12-16,594.575439453125,0.004260760302380281,0.4260760302380281
2024-12-17,592.1258544921875,-0.004128399374967782,-0.4128399374967782
2024-12-18,574.478515625,-0.030256504396854546,-3.0256504396854544
2024-12-19,574.302001953125,-0.0003073061747882439,-0.03073061747882439
2024-12-20,581.199951171875,0.011939453918031324,1.1939453918031324
2024-12-23,584.6803588867188,0.0059704551547163365,0.5970455154716336
2024-12-24,591.1790161132812,0.01105357244675989,1.105357244675989
2024-12-26,591.2184448242188,6.669282073870614e-05,0.006669282073870614
2024-12-27,584.9949340820312,-0.010582380600210406,-1.0582380600210406
2024-12-30,578.3192749023438,-0.011477092614339582,-1.1477092614339581
